{
  "component_config_id" : "38b3a129-b8b5-4099-9fb1-a914123cfda2",
  "endpoint_config_json" : null,
  "input_config_json" : {
    "type" : "jsonb",
    "value" : "{\"expression\": \"%{/AssetRequest_UpdateAssetRequestApprovalStateInput/approvalState}% == null || %{/AssetRequest_UpdateAssetRequestApprovalStateInput/reason}% == null || %{/AssetRequest_UpdateAssetRequestApprovalStateInput/assetRequestName}% == null || %{/AssetRequest_UpdateAssetRequestApprovalStateInput/applicationName}% == null \"}",
    "null" : false
  },
  "output_config_json" : null,
  "component_id" : "506cb924-5f12-4aee-8567-9f51db3679ae",
  "service_id" : "6c32a8dd-7de7-4c75-97d5-f4b787e7f523",
  "endpoint_id" : null,
  "parent_component_config_id" : "cd89632d-5592-46cb-acc1-f30a6f69830d",
  "component_config_order" : 1.0,
  "action_id" : null,
  "name" : null,
  "description" : null,
  "override_endpoint" : false,
  "input_structure_json" : {
    "type" : "jsonb",
    "value" : "{\"fields\": [{\"id\": \"aa6b38bf-bb56-4507-b88f-0429c80812ad\", \"path\": \"%{/AssetRequest_UpdateAssetRequestApprovalStateInput/approvalState}%\", \"field\": \"/AssetRequest_UpdateAssetRequestApprovalStateInput/approvalState\", \"value\": null, \"isGroup\": false, \"children\": null, \"operator\": \"== null\", \"operation\": \"||\", \"isTreeChecked\": false, \"dataElementType\": \"string\"}, {\"id\": \"f1f3ba26-06a0-4b47-9ed4-850f7f5515e6\", \"path\": \"%{/AssetRequest_UpdateAssetRequestApprovalStateInput/reason}%\", \"field\": \"/AssetRequest_UpdateAssetRequestApprovalStateInput/reason\", \"value\": null, \"isGroup\": false, \"children\": null, \"operator\": \"== null\", \"operation\": \"||\", \"isTreeChecked\": false, \"dataElementType\": \"string\"}, {\"id\": \"a5480cf4-703d-49d6-909c-0d3c3491977a\", \"path\": \"%{/AssetRequest_UpdateAssetRequestApprovalStateInput/assetRequestName}%\", \"field\": \"/AssetRequest_UpdateAssetRequestApprovalStateInput/assetRequestName\", \"value\": null, \"isGroup\": false, \"children\": null, \"operator\": \"== null\", \"operation\": \"||\", \"isTreeChecked\": false, \"dataElementType\": \"string\"}, {\"id\": \"a8e48d2f-60eb-4a64-ac69-e91abf50cd2f\", \"path\": \"%{/AssetRequest_UpdateAssetRequestApprovalStateInput/applicationName}%\", \"field\": \"/AssetRequest_UpdateAssetRequestApprovalStateInput/applicationName\", \"value\": null, \"isGroup\": false, \"children\": null, \"operator\": \"== null\", \"operation\": \"&&\", \"isTreeChecked\": false, \"dataElementType\": \"string\"}]}",
    "null" : false
  },
  "output_structure_json" : null,
  "endpoint_structure_json" : null,
  "is_error" : false,
  "no_of_errors" : null,
  "action_input_type" : null,
  "config_service_id" : null,
  "config_imap_id" : null,
  "config_b2b_document_type_id" : null,
  "config_document_id" : null,
  "add_variables" : null,
  "drop_variables" : null,
  "plug_input_structure" : null,
  "plug_output_structure" : null,
  "config_plug_id" : null,
  "override_plug" : false,
  "config_java_service_id" : null,
  "service_tag" : "V5",
  "endpoint_tag" : null,
  "config_service_tag" : null,
  "config_imap_tag" : null,
  "config_b2b_document_type_tag" : null,
  "active" : false,
  "parent_component_config_service_tag" : "V5",
  "service_project_id" : "27edbc36-f404-4005-832a-6f6f32f16f6e",
  "service_project_tag" : "V5",
  "config_service_project_id" : null,
  "config_service_project_tag" : null,
  "config_imap_project_id" : null,
  "config_imap_project_tag" : null,
  "config_b2b_document_type_project_id" : null,
  "config_b2b_document_type_project_tag" : null,
  "endpoint_project_id" : null,
  "endpoint_project_tag" : null,
  "config_plug_tag" : null,
  "config_plug_project_id" : null,
  "config_plug_project_tag" : null,
  "config_java_service_tag" : null,
  "config_java_service_project_id" : null,
  "config_java_service_project_tag" : null,
  "disabled" : false,
  "config" : null,
  "config_b2b_document_type_project_mode_id" : "112c1cb8-4b9e-4d1a-a042-0bd031dc7d05",
  "config_imap_project_mode_id" : "112c1cb8-4b9e-4d1a-a042-0bd031dc7d05",
  "config_java_service_project_mode_id" : "112c1cb8-4b9e-4d1a-a042-0bd031dc7d05",
  "config_plug_project_mode_id" : "112c1cb8-4b9e-4d1a-a042-0bd031dc7d05",
  "config_service_project_mode_id" : "112c1cb8-4b9e-4d1a-a042-0bd031dc7d05",
  "endpoint_project_mode_id" : "112c1cb8-4b9e-4d1a-a042-0bd031dc7d05",
  "service_project_mode_id" : "112c1cb8-4b9e-4d1a-a042-0bd031dc7d05",
  "parent_component_config_service_project_mode_id" : "112c1cb8-4b9e-4d1a-a042-0bd031dc7d05",
  "is_audit" : true,
  "keys_with_order" : null
}