{
  "component_config_id" : "38551534-8d31-431e-8046-f7d3f8ac4e9f",
  "endpoint_config_json" : {
    "type" : "jsonb",
    "value" : "{\"crossRef\": [], \"services\": [], \"multistep\": [], \"operations\": []}",
    "null" : false
  },
  "input_config_json" : {
    "type" : "jsonb",
    "value" : "{\"crossRef\": [], \"services\": [], \"multistep\": [], \"operations\": []}",
    "null" : false
  },
  "output_config_json" : {
    "type" : "jsonb",
    "value" : "{\"crossRef\": [], \"services\": [], \"multistep\": [], \"operations\": [{\"map\": {\"id\": \"7ec85ccc-18f3-47b7-a6fb-2cef8b9ea760\", \"root\": false, \"type\": \"setValue\", \"cached\": false, \"target\": \"/Subscription_UpdateSubscriptionApprovalStateOutput/success\", \"mapNull\": false, \"disabled\": false, \"extractXml\": false, \"extractJson\": false, \"targetOrder\": 1.0, \"targetValue\": \"false\", \"mapEmptyString\": false, \"targetJavaType\": \"java.lang.Boolean\", \"variableSubstitution\": false}}, {\"map\": {\"id\": \"8b38b37a-f990-41d9-830c-9dd1bb60aae5\", \"root\": false, \"type\": \"setValue\", \"cached\": false, \"target\": \"/Subscription_UpdateSubscriptionApprovalStateOutput/error/message\", \"mapNull\": false, \"disabled\": false, \"extractXml\": false, \"extractJson\": false, \"targetOrder\": 1.0, \"targetValue\": \"Missing input(s)\", \"mapEmptyString\": false, \"targetJavaType\": \"java.lang.String\", \"variableSubstitution\": false}}]}",
    "null" : false
  },
  "component_id" : "8ac5fe03-27a2-4e6a-a449-6a8893818223",
  "service_id" : "7f77b67a-93cd-493c-a86d-dc5c7577bea2",
  "endpoint_id" : null,
  "parent_component_config_id" : "7ed17536-e4dd-403c-aed9-d3718af01c23",
  "component_config_order" : 2.0,
  "action_id" : "06843b78-eab0-45da-afab-8c8277d7553f",
  "name" : "Set output",
  "description" : "",
  "override_endpoint" : false,
  "input_structure_json" : {
    "type" : "jsonb",
    "value" : "{\"maps\": [], \"mappedNodes\": [\"/Subscription_UpdateSubscriptionApprovalStateOutput/successpipeOut\", \"/Subscription_UpdateSubscriptionApprovalStateOutputpipeOut\", \"/Subscription_UpdateSubscriptionApprovalStateOutput/error/messagepipeOut\", \"/Subscription_UpdateSubscriptionApprovalStateOutput/errorpipeOut\", \"/Subscription_UpdateSubscriptionApprovalStateOutputpipeOut\"]}",
    "null" : false
  },
  "output_structure_json" : {
    "type" : "jsonb",
    "value" : "{\"maps\": [{\"/Subscription_UpdateSubscriptionApprovalStateOutput/success\": [{\"type\": \"setValue\", \"order\": 1, \"target\": {\"path\": \"/Subscription_UpdateSubscriptionApprovalStateOutput/success\", \"order\": 1, \"title\": \"success\", \"dataElementType\": \"boolean\"}, \"values\": [{\"id\": \"52779766-d64b-45cc-9311-a69ef61a4076\", \"key\": \"/Subscription_UpdateSubscriptionApprovalStateOutput/success\", \"type\": \"node\", \"order\": 1, \"title\": \"success\", \"children\": [], \"setValue\": \"false\", \"editAllow\": true, \"uiElement\": \"false\", \"isSetValue\": false, \"childrenSet\": false, \"hasChildren\": false, \"dataElementType\": \"boolean\", \"encryption_required\": false}], \"mapCondition\": {\"isConditionSet\": false, \"sourceTreeIndex\": [], \"targetTreeIndex\": [], \"mapConditionFormValue\": {}}, \"dataElementType\": \"boolean\", \"variableSubstitution\": false, \"overwritePipelineValue\": false}]}, {\"/Subscription_UpdateSubscriptionApprovalStateOutput/error/message\": [{\"type\": \"setValue\", \"order\": 1, \"target\": {\"path\": \"/Subscription_UpdateSubscriptionApprovalStateOutput/error/message\", \"order\": 1, \"title\": \"message\", \"dataElementType\": \"string\"}, \"values\": [{\"id\": \"ff217e2c-d4d8-429d-bf0c-2ee5d986b653\", \"key\": \"/Subscription_UpdateSubscriptionApprovalStateOutput/error/message\", \"type\": \"node\", \"order\": 1, \"title\": \"message\", \"children\": [], \"setValue\": null, \"editAllow\": true, \"uiElement\": \"Missing input(s)\", \"isSetValue\": false, \"childrenSet\": false, \"hasChildren\": false, \"dataElementType\": \"string\", \"encryption_required\": false}], \"mapCondition\": {\"isConditionSet\": false, \"sourceTreeIndex\": [], \"targetTreeIndex\": [], \"mapConditionFormValue\": {}}, \"dataElementType\": \"string\", \"variableSubstitution\": false, \"overwritePipelineValue\": false}]}], \"transformer\": []}",
    "null" : false
  },
  "endpoint_structure_json" : {
    "type" : "jsonb",
    "value" : "{\"maps\": []}",
    "null" : false
  },
  "is_error" : false,
  "no_of_errors" : 0,
  "action_input_type" : null,
  "config_service_id" : null,
  "config_imap_id" : null,
  "config_b2b_document_type_id" : null,
  "config_document_id" : null,
  "add_variables" : {
    "type" : "jsonb",
    "value" : "[]",
    "null" : false
  },
  "drop_variables" : {
    "type" : "jsonb",
    "value" : "[]",
    "null" : false
  },
  "plug_input_structure" : null,
  "plug_output_structure" : null,
  "config_plug_id" : null,
  "override_plug" : false,
  "config_java_service_id" : null,
  "service_tag" : "V5",
  "endpoint_tag" : "EMPTY",
  "config_service_tag" : "EMPTY",
  "config_imap_tag" : "EMPTY",
  "config_b2b_document_type_tag" : "EMPTY",
  "active" : false,
  "parent_component_config_service_tag" : "V5",
  "service_project_id" : "27edbc36-f404-4005-832a-6f6f32f16f6e",
  "service_project_tag" : "V5",
  "config_service_project_id" : null,
  "config_service_project_tag" : "EMPTY",
  "config_imap_project_id" : null,
  "config_imap_project_tag" : "EMPTY",
  "config_b2b_document_type_project_id" : null,
  "config_b2b_document_type_project_tag" : "EMPTY",
  "endpoint_project_id" : null,
  "endpoint_project_tag" : "EMPTY",
  "config_plug_tag" : "EMPTY",
  "config_plug_project_id" : null,
  "config_plug_project_tag" : "EMPTY",
  "config_java_service_tag" : "EMPTY",
  "config_java_service_project_id" : null,
  "config_java_service_project_tag" : "EMPTY",
  "disabled" : false,
  "config" : null,
  "config_b2b_document_type_project_mode_id" : "112c1cb8-4b9e-4d1a-a042-0bd031dc7d05",
  "config_imap_project_mode_id" : "112c1cb8-4b9e-4d1a-a042-0bd031dc7d05",
  "config_java_service_project_mode_id" : "112c1cb8-4b9e-4d1a-a042-0bd031dc7d05",
  "config_plug_project_mode_id" : "112c1cb8-4b9e-4d1a-a042-0bd031dc7d05",
  "config_service_project_mode_id" : "112c1cb8-4b9e-4d1a-a042-0bd031dc7d05",
  "endpoint_project_mode_id" : "112c1cb8-4b9e-4d1a-a042-0bd031dc7d05",
  "service_project_mode_id" : "112c1cb8-4b9e-4d1a-a042-0bd031dc7d05",
  "parent_component_config_service_project_mode_id" : "112c1cb8-4b9e-4d1a-a042-0bd031dc7d05",
  "is_audit" : true,
  "keys_with_order" : null
}