{
  "component_config_id" : "dfda98a6-2403-4b6e-8531-b2aec15aa010",
  "endpoint_config_json" : {
    "type" : "jsonb",
    "value" : "{\"crossRef\": [], \"services\": [], \"multistep\": [], \"operations\": []}",
    "null" : false
  },
  "input_config_json" : {
    "type" : "jsonb",
    "value" : "{\"crossRef\": [], \"services\": [], \"multistep\": [], \"operations\": []}",
    "null" : false
  },
  "output_config_json" : {
    "type" : "jsonb",
    "value" : "{\"crossRef\": [], \"services\": [], \"multistep\": [], \"operations\": [{\"ifElseBlock\": {\"root\": false, \"cached\": false, \"target\": \"/UpdateAmplifyMarketplacePendingSubscriptions-ServiceOutput/toolResponseText\", \"disabled\": false, \"actualPath\": \"/UpdateAmplifyMarketplacePendingSubscriptions-ServiceOutput/toolResponseText\", \"operations\": [{\"map\": {\"id\": \"52b10617-217a-4103-9216-6abbba45cc8f\", \"root\": false, \"type\": \"setValue\", \"cached\": false, \"mapNull\": false, \"disabled\": false, \"expression\": \"%{/Subscription_UpdateSubscriptionApprovalStateOutput/success}% == true \", \"extractXml\": false, \"extractJson\": false, \"targetValue\": \"Subscription successfully updated to %{/UpdateAmplifyMarketplacePendingSubscriptions-ServiceInput/approvalState}%\", \"mapEmptyString\": false, \"targetJavaType\": \"java.lang.String\", \"variableSubstitution\": true}}, {\"map\": {\"id\": \"7f19c5df-d90e-4145-84f8-a533e557833a\", \"root\": false, \"type\": \"setValue\", \"cached\": false, \"mapNull\": false, \"disabled\": false, \"expression\": \"%{/Subscription_UpdateSubscriptionApprovalStateOutput/success}% != true \", \"extractXml\": false, \"extractJson\": false, \"targetValue\": \"Error updating subscription request: %{/Subscription_UpdateSubscriptionApprovalStateOutput/error/message}%\", \"mapEmptyString\": false, \"targetJavaType\": \"java.lang.String\", \"variableSubstitution\": true}}], \"targetOrder\": 1.0}}, {\"map\": {\"id\": \"4ade172b-b210-4660-b88b-39020d87cb7a\", \"root\": false, \"type\": \"setValue\", \"cached\": false, \"target\": \"/UpdateAmplifyMarketplacePendingSubscriptions-ServiceOutput/toolResponseType\", \"mapNull\": false, \"disabled\": false, \"extractXml\": false, \"extractJson\": false, \"targetOrder\": 1.0, \"targetValue\": \"TextContent\", \"mapEmptyString\": false, \"targetJavaType\": \"java.lang.String\", \"variableSubstitution\": false}}]}",
    "null" : false
  },
  "component_id" : "8ac5fe03-27a2-4e6a-a449-6a8893818223",
  "service_id" : "8d2c0440-d9c2-42b4-b427-8d0082660528",
  "endpoint_id" : null,
  "parent_component_config_id" : null,
  "component_config_order" : 3.0,
  "action_id" : "06843b78-eab0-45da-afab-8c8277d7553f",
  "name" : "Set output",
  "description" : "",
  "override_endpoint" : false,
  "input_structure_json" : {
    "type" : "jsonb",
    "value" : "{\"maps\": [], \"mappedNodes\": [\"/UpdateAmplifyMarketplacePendingSubscriptions-ServiceOutput/toolResponseTypepipeOut\", \"/UpdateAmplifyMarketplacePendingSubscriptions-ServiceOutputpipeOut\", \"/UpdateAmplifyMarketplacePendingSubscriptions-ServiceOutputpipeOut\", \"/UpdateAmplifyMarketplacePendingSubscriptions-ServiceOutputpipeOut\"]}",
    "null" : false
  },
  "output_structure_json" : {
    "type" : "jsonb",
    "value" : "{\"maps\": [{\"/UpdateAmplifyMarketplacePendingSubscriptions-ServiceOutput/toolResponseType\": [{\"type\": \"setValue\", \"order\": 1, \"target\": {\"path\": \"/UpdateAmplifyMarketplacePendingSubscriptions-ServiceOutput/toolResponseType\", \"order\": 1, \"title\": \"toolResponseType\", \"dataElementType\": \"string\"}, \"values\": [{\"id\": \"eaa1cddb-ef2b-45a0-b161-0be77d8b277d\", \"key\": \"/UpdateAmplifyMarketplacePendingSubscriptions-ServiceOutput/toolResponseType\", \"type\": \"node\", \"order\": 1, \"title\": \"toolResponseType\", \"children\": [], \"setValue\": null, \"editAllow\": true, \"uiElement\": \"TextContent\", \"isSetValue\": false, \"childrenSet\": false, \"hasChildren\": false, \"dataElementType\": \"string\", \"encryption_required\": false}], \"mapCondition\": {\"isConditionSet\": false, \"sourceTreeIndex\": [], \"targetTreeIndex\": [], \"mapConditionFormValue\": {}}, \"dataElementType\": \"string\", \"variableSubstitution\": false, \"overwritePipelineValue\": false}]}, {\"/UpdateAmplifyMarketplacePendingSubscriptions-ServiceOutput/toolResponseText\": [{\"type\": \"conditionalMap\", \"target\": {\"path\": \"/UpdateAmplifyMarketplacePendingSubscriptions-ServiceOutput/toolResponseText\", \"order\": 1, \"title\": \"toolResponseText\", \"dataElementType\": \"string\"}, \"actualPath\": \"/UpdateAmplifyMarketplacePendingSubscriptions-ServiceOutput/toolResponseText\", \"conditions\": [{\"id\": \"a5ac62d6-0814-45c2-b7ee-c232e7f8f90f\", \"type\": \"setValue\", \"fields\": [{\"id\": 0, \"path\": \"%{/Subscription_UpdateSubscriptionApprovalStateOutput/success}%\", \"field\": \"/Subscription_UpdateSubscriptionApprovalStateOutput/success\", \"value\": \"true\", \"isGroup\": false, \"children\": null, \"operator\": \"==\", \"uniqueId\": \"5577d16d-968d-44e5-aeed-5f8a54ea156b\", \"operation\": \"&&\", \"isTreeChecked\": false, \"dataElementType\": \"boolean\"}], \"mapNull\": false, \"setValue\": \"\", \"uiElement\": \"Subscription successfully updated to <input _ngcontent-ng-c393407261=\\\"\\\" class=\\\"chip\\\" title=\\\"/UpdateAmplifyMarketplacePendingSubscriptions-ServiceInput/approvalState\\\" readonly=\\\"true\\\" disabled=\\\"true\\\" type=\\\"button\\\" value=\\\"approvalState\\\">\", \"conditionName\": \"if\", \"mapEmptyString\": false, \"variableSubstitution\": true}, {\"id\": \"c661b649-090c-49a1-b3f2-2d14ca476d86\", \"type\": \"setValue\", \"fields\": [{\"id\": 1, \"path\": \"%{/Subscription_UpdateSubscriptionApprovalStateOutput/success}%\", \"field\": \"/Subscription_UpdateSubscriptionApprovalStateOutput/success\", \"value\": \"true\", \"isGroup\": false, \"children\": null, \"operator\": \"!=\", \"uniqueId\": \"9dc7e04b-372f-4f88-a64c-bba2c0a5774d\", \"operation\": \"&&\", \"isTreeChecked\": false, \"dataElementType\": \"boolean\"}], \"mapNull\": false, \"setValue\": \"\", \"uiElement\": \"Error updating subscription request: <input _ngcontent-ng-c393407261=\\\"\\\" class=\\\"chip\\\" title=\\\"/Subscription_UpdateSubscriptionApprovalStateOutput/error/message\\\" readonly=\\\"true\\\" disabled=\\\"true\\\" type=\\\"button\\\" value=\\\"message\\\">\", \"conditionName\": \"else-if\", \"mapEmptyString\": false, \"variableSubstitution\": true}], \"mapCondition\": {\"isConditionSet\": false, \"sourceTreeIndex\": [], \"targetTreeIndex\": [], \"mapConditionFormValue\": {}}, \"variableSubstitution\": false, \"overwritePipelineValue\": false}]}], \"tracks\": {}, \"transformer\": []}",
    "null" : false
  },
  "endpoint_structure_json" : {
    "type" : "jsonb",
    "value" : "{\"maps\": []}",
    "null" : false
  },
  "is_error" : false,
  "no_of_errors" : 0,
  "action_input_type" : null,
  "config_service_id" : null,
  "config_imap_id" : null,
  "config_b2b_document_type_id" : null,
  "config_document_id" : null,
  "add_variables" : {
    "type" : "jsonb",
    "value" : "[]",
    "null" : false
  },
  "drop_variables" : {
    "type" : "jsonb",
    "value" : "[]",
    "null" : false
  },
  "plug_input_structure" : null,
  "plug_output_structure" : null,
  "config_plug_id" : null,
  "override_plug" : false,
  "config_java_service_id" : null,
  "service_tag" : "V7",
  "endpoint_tag" : null,
  "config_service_tag" : "",
  "config_imap_tag" : "",
  "config_b2b_document_type_tag" : "",
  "active" : false,
  "parent_component_config_service_tag" : "V7",
  "service_project_id" : "27edbc36-f404-4005-832a-6f6f32f16f6e",
  "service_project_tag" : "V7",
  "config_service_project_id" : null,
  "config_service_project_tag" : "",
  "config_imap_project_id" : null,
  "config_imap_project_tag" : "",
  "config_b2b_document_type_project_id" : null,
  "config_b2b_document_type_project_tag" : "",
  "endpoint_project_id" : null,
  "endpoint_project_tag" : null,
  "config_plug_tag" : null,
  "config_plug_project_id" : null,
  "config_plug_project_tag" : null,
  "config_java_service_tag" : "",
  "config_java_service_project_id" : null,
  "config_java_service_project_tag" : "",
  "disabled" : false,
  "config" : null,
  "config_b2b_document_type_project_mode_id" : "112c1cb8-4b9e-4d1a-a042-0bd031dc7d05",
  "config_imap_project_mode_id" : "112c1cb8-4b9e-4d1a-a042-0bd031dc7d05",
  "config_java_service_project_mode_id" : "112c1cb8-4b9e-4d1a-a042-0bd031dc7d05",
  "config_plug_project_mode_id" : "112c1cb8-4b9e-4d1a-a042-0bd031dc7d05",
  "config_service_project_mode_id" : "112c1cb8-4b9e-4d1a-a042-0bd031dc7d05",
  "endpoint_project_mode_id" : "112c1cb8-4b9e-4d1a-a042-0bd031dc7d05",
  "service_project_mode_id" : "112c1cb8-4b9e-4d1a-a042-0bd031dc7d05",
  "parent_component_config_service_project_mode_id" : "112c1cb8-4b9e-4d1a-a042-0bd031dc7d05",
  "is_audit" : true,
  "keys_with_order" : null
}