{
  "component_config_id" : "88ee2ff1-6006-4e98-8644-f0f63d59d1bb",
  "endpoint_config_json" : {
    "type" : "jsonb",
    "value" : "{\"crossRef\": [], \"services\": [], \"multistep\": [], \"operations\": []}",
    "null" : false
  },
  "input_config_json" : {
    "type" : "jsonb",
    "value" : "{\"crossRef\": [], \"services\": [], \"multistep\": [], \"operations\": []}",
    "null" : false
  },
  "output_config_json" : {
    "type" : "jsonb",
    "value" : "{\"crossRef\": [], \"services\": [], \"multistep\": [], \"operations\": [{\"map\": {\"id\": \"94762ce3-fb82-4e94-9a1d-d22cd2c0d466\", \"root\": false, \"type\": \"setValue\", \"cached\": false, \"target\": \"/GetAmplifyMarketplacePendingAssetRequestsIntegration-ServiceOutput/toolResponseText\", \"mapNull\": false, \"disabled\": false, \"extractXml\": false, \"extractJson\": false, \"targetOrder\": 1.0, \"targetValue\": \"No pending asset requests found\", \"mapEmptyString\": false, \"targetJavaType\": \"java.lang.String\", \"variableSubstitution\": false}}, {\"map\": {\"id\": \"7f11f1c0-a835-4951-b2ec-7f27404814b6\", \"root\": false, \"type\": \"setValue\", \"cached\": false, \"target\": \"/GetAmplifyMarketplacePendingAssetRequestsIntegration-ServiceOutput/toolResponseType\", \"mapNull\": false, \"disabled\": false, \"extractXml\": false, \"extractJson\": false, \"targetOrder\": 1.0, \"targetValue\": \"TextContent\", \"mapEmptyString\": false, \"targetJavaType\": \"java.lang.String\", \"variableSubstitution\": false}}]}",
    "null" : false
  },
  "component_id" : "8ac5fe03-27a2-4e6a-a449-6a8893818223",
  "service_id" : "72164053-32c6-4992-ba68-f4008baecbea",
  "endpoint_id" : null,
  "parent_component_config_id" : "9f12e570-b6ec-42f9-9a64-69fe0505619c",
  "component_config_order" : 2.0,
  "action_id" : "06843b78-eab0-45da-afab-8c8277d7553f",
  "name" : "Set output",
  "description" : "",
  "override_endpoint" : false,
  "input_structure_json" : {
    "type" : "jsonb",
    "value" : "{\"maps\": [], \"mappedNodes\": [\"/GetAmplifyMarketplacePendingSubscriptionsIntegration-ServiceOutput/toolResponseTypepipeOut\", \"/GetAmplifyMarketplacePendingAssetRequestsIntegration-ServiceOutput/toolResponseTextpipeOut\", \"/GetAmplifyMarketplacePendingAssetRequestsIntegration-ServiceOutputpipeOut\", \"/GetAmplifyMarketplacePendingAssetRequestsIntegration-ServiceOutput/toolResponseTypepipeOut\", \"/GetAmplifyMarketplacePendingAssetRequestsIntegration-ServiceOutputpipeOut\"]}",
    "null" : false
  },
  "output_structure_json" : {
    "type" : "jsonb",
    "value" : "{\"maps\": [{\"/GetAmplifyMarketplacePendingAssetRequestsIntegration-ServiceOutput/toolResponseText\": [{\"type\": \"setValue\", \"order\": 1, \"target\": {\"path\": \"/GetAmplifyMarketplacePendingAssetRequestsIntegration-ServiceOutput/toolResponseText\", \"order\": 1, \"title\": \"toolResponseText\", \"dataElementType\": \"string\"}, \"values\": [{\"id\": \"ed782d69-61e7-4c4a-a6f2-dbe2871a775b\", \"key\": \"/GetAmplifyMarketplacePendingAssetRequestsIntegration-ServiceOutput/toolResponseText\", \"type\": \"node\", \"order\": 1, \"title\": \"toolResponseText\", \"children\": [], \"setValue\": null, \"editAllow\": true, \"uiElement\": \"No pending asset requests found\", \"isSetValue\": false, \"childrenSet\": false, \"hasChildren\": false, \"dataElementType\": \"string\", \"encryption_required\": false}], \"mapCondition\": {\"isConditionSet\": false, \"sourceTreeIndex\": [], \"targetTreeIndex\": [], \"mapConditionFormValue\": {}}, \"dataElementType\": \"string\", \"variableSubstitution\": false, \"overwritePipelineValue\": false}]}, {\"/GetAmplifyMarketplacePendingAssetRequestsIntegration-ServiceOutput/toolResponseType\": [{\"type\": \"setValue\", \"order\": 1, \"target\": {\"path\": \"/GetAmplifyMarketplacePendingAssetRequestsIntegration-ServiceOutput/toolResponseType\", \"order\": 1, \"title\": \"toolResponseType\", \"dataElementType\": \"string\"}, \"values\": [{\"id\": \"f991276e-5b1a-4f7d-a023-1fb2aae06c8d\", \"key\": \"/GetAmplifyMarketplacePendingAssetRequestsIntegration-ServiceOutput/toolResponseType\", \"type\": \"node\", \"order\": 1, \"title\": \"toolResponseType\", \"children\": [], \"setValue\": null, \"editAllow\": true, \"uiElement\": \"TextContent\", \"isSetValue\": false, \"childrenSet\": false, \"hasChildren\": false, \"dataElementType\": \"string\", \"encryption_required\": false}], \"mapCondition\": {\"isConditionSet\": false, \"sourceTreeIndex\": [], \"targetTreeIndex\": [], \"mapConditionFormValue\": {}}, \"dataElementType\": \"string\", \"variableSubstitution\": false, \"overwritePipelineValue\": false}]}], \"tracks\": {}, \"transformer\": []}",
    "null" : false
  },
  "endpoint_structure_json" : {
    "type" : "jsonb",
    "value" : "{\"maps\": []}",
    "null" : false
  },
  "is_error" : false,
  "no_of_errors" : 0,
  "action_input_type" : null,
  "config_service_id" : null,
  "config_imap_id" : null,
  "config_b2b_document_type_id" : null,
  "config_document_id" : null,
  "add_variables" : {
    "type" : "jsonb",
    "value" : "[]",
    "null" : false
  },
  "drop_variables" : {
    "type" : "jsonb",
    "value" : "[]",
    "null" : false
  },
  "plug_input_structure" : null,
  "plug_output_structure" : null,
  "config_plug_id" : null,
  "override_plug" : false,
  "config_java_service_id" : null,
  "service_tag" : "V7",
  "endpoint_tag" : null,
  "config_service_tag" : "",
  "config_imap_tag" : "",
  "config_b2b_document_type_tag" : "",
  "active" : false,
  "parent_component_config_service_tag" : "V7",
  "service_project_id" : "27edbc36-f404-4005-832a-6f6f32f16f6e",
  "service_project_tag" : "V7",
  "config_service_project_id" : null,
  "config_service_project_tag" : "",
  "config_imap_project_id" : null,
  "config_imap_project_tag" : "",
  "config_b2b_document_type_project_id" : null,
  "config_b2b_document_type_project_tag" : "",
  "endpoint_project_id" : null,
  "endpoint_project_tag" : null,
  "config_plug_tag" : null,
  "config_plug_project_id" : null,
  "config_plug_project_tag" : null,
  "config_java_service_tag" : "",
  "config_java_service_project_id" : null,
  "config_java_service_project_tag" : "",
  "disabled" : false,
  "config" : null,
  "config_b2b_document_type_project_mode_id" : "112c1cb8-4b9e-4d1a-a042-0bd031dc7d05",
  "config_imap_project_mode_id" : "112c1cb8-4b9e-4d1a-a042-0bd031dc7d05",
  "config_java_service_project_mode_id" : "112c1cb8-4b9e-4d1a-a042-0bd031dc7d05",
  "config_plug_project_mode_id" : "112c1cb8-4b9e-4d1a-a042-0bd031dc7d05",
  "config_service_project_mode_id" : "112c1cb8-4b9e-4d1a-a042-0bd031dc7d05",
  "endpoint_project_mode_id" : "112c1cb8-4b9e-4d1a-a042-0bd031dc7d05",
  "service_project_mode_id" : "112c1cb8-4b9e-4d1a-a042-0bd031dc7d05",
  "parent_component_config_service_project_mode_id" : "112c1cb8-4b9e-4d1a-a042-0bd031dc7d05",
  "is_audit" : true,
  "keys_with_order" : null
}