{
  "component_config_id" : "97b744e3-c094-4d0c-ae72-f039a5bc13ba",
  "endpoint_config_json" : {
    "type" : "jsonb",
    "value" : "{\"crossRef\": [], \"services\": [], \"multistep\": [], \"operations\": []}",
    "null" : false
  },
  "input_config_json" : {
    "type" : "jsonb",
    "value" : "{\"crossRef\": [], \"services\": [], \"multistep\": [], \"operations\": []}",
    "null" : false
  },
  "output_config_json" : {
    "type" : "jsonb",
    "value" : "{\"crossRef\": [], \"services\": [], \"multistep\": [], \"operations\": [{\"transformer\": {\"id\": \"4395259e-e07e-4849-a6a1-3bde8a11e08f\", \"name\": \"DATETIME_ADD_HOURS\", \"type\": \"DateTime\", \"query\": null, \"inputs\": [{\"id\": \"5e193a37-14e8-4fa4-ad71-f6ee16606fc1\", \"root\": false, \"type\": \"map\", \"cached\": false, \"source\": \"/DtNow\", \"target\": \"/DATETIME_ADD_HOURS_INPUT/sourceDate\", \"mapNull\": false, \"disabled\": false, \"extractXml\": false, \"extractJson\": false, \"mapEmptyString\": false, \"sourceJavaType\": \"java.lang.String\", \"targetJavaType\": \"java.lang.String\"}, {\"id\": \"7628d24f-bb11-4601-b90d-175f707f91b2\", \"root\": false, \"type\": \"setValue\", \"cached\": false, \"target\": \"/DATETIME_ADD_HOURS_INPUT/addHours\", \"mapNull\": false, \"disabled\": false, \"extractXml\": false, \"extractJson\": false, \"targetValue\": \"-6\", \"mapEmptyString\": false, \"targetJavaType\": \"java.lang.Integer\", \"variableSubstitution\": false}, {\"id\": \"1ee02eec-24e6-44ce-b163-4e387ab75a73\", \"root\": false, \"type\": \"setValue\", \"cached\": false, \"target\": \"/DATETIME_ADD_HOURS_INPUT/format\", \"mapNull\": false, \"disabled\": false, \"extractXml\": false, \"extractJson\": false, \"targetValue\": \"yyyy-MM-dd HH:mm:ss SSS\", \"mapEmptyString\": false, \"targetJavaType\": \"java.lang.String\", \"variableSubstitution\": false}], \"outputs\": [{\"id\": \"efefeeca-ed14-4d9b-a7bc-2f02d466153e\", \"root\": false, \"type\": \"map\", \"cached\": false, \"source\": \"/DATETIME_ADD_HOURS_OUTPUT/output\", \"target\": \"/DtThen\", \"mapNull\": false, \"disabled\": false, \"extractXml\": false, \"extractJson\": false, \"targetOrder\": 1.0, \"mapEmptyString\": false, \"sourceJavaType\": \"java.lang.String\", \"targetJavaType\": \"java.lang.String\"}], \"tableId\": null, \"configId\": null, \"disabled\": false, \"serviceId\": null, \"expression\": null}}]}",
    "null" : false
  },
  "component_id" : "8ac5fe03-27a2-4e6a-a449-6a8893818223",
  "service_id" : "21aabb05-11fe-4fec-ac58-02788fd4f0ad",
  "endpoint_id" : null,
  "parent_component_config_id" : "5a062ed8-a89c-452d-871b-724a54f822f0",
  "component_config_order" : 2.9921875,
  "action_id" : "06843b78-eab0-45da-afab-8c8277d7553f",
  "name" : "Set from time (6hrs)",
  "description" : "",
  "override_endpoint" : false,
  "input_structure_json" : {
    "type" : "jsonb",
    "value" : "{\"maps\": [], \"mappedNodes\": [\"/DATETIME_ADD_HOURS_INPUT/addHours\", \"/DATETIME_ADD_HOURS_INPUT\", \"/DtNow pipeIn\", \"/DATETIME_ADD_HOURS_INPUT/sourceDate0\", \"/DATETIME_ADD_HOURS_OUTPUT/output0\", \"/DtThenpipeOut\", \"/DATETIME_ADD_HOURS_INPUT/format\", \"/DATETIME_ADD_HOURS_INPUT\"]}",
    "null" : false
  },
  "output_structure_json" : {
    "type" : "jsonb",
    "value" : "{\"maps\": [], \"tracks\": {}, \"transformer\": [{\"inputs\": {\"/DATETIME_ADD_HOURS_INPUT/format\": [{\"type\": \"setValue\", \"target\": {\"path\": \"/DATETIME_ADD_HOURS_INPUT/format\", \"order\": \"\", \"title\": \"format\", \"dataElementType\": \"string\"}, \"values\": [{\"id\": \"a4895c9e-2a8d-4946-80c7-7f004f8496fb\", \"key\": \"/DATETIME_ADD_HOURS_INPUT/format\", \"type\": \"string\", \"title\": \"format\", \"isLeaf\": true, \"secret\": false, \"children\": [], \"setValue\": null, \"uiElement\": \"yyyy-MM-dd HH:mm:ss SSS\", \"isSetValue\": false, \"dataElementType\": \"string\"}], \"mapCondition\": {\"isConditionSet\": false, \"sourceTreeIndex\": [], \"targetTreeIndex\": [], \"mapConditionFormValue\": {}}, \"variableSubstitution\": false, \"overwritePipelineValue\": false}], \"/DATETIME_ADD_HOURS_INPUT/addHours\": [{\"type\": \"setValue\", \"target\": {\"path\": \"/DATETIME_ADD_HOURS_INPUT/addHours\", \"order\": \"\", \"title\": \"addHours\", \"dataElementType\": \"integer\"}, \"values\": [{\"id\": \"41405f4e-a265-4b05-b88f-f08e07d379d6\", \"key\": \"/DATETIME_ADD_HOURS_INPUT/addHours\", \"type\": \"integer\", \"title\": \"addHours\", \"isLeaf\": true, \"secret\": false, \"children\": [], \"setValue\": null, \"uiElement\": \"-6\", \"isSetValue\": false, \"dataElementType\": \"integer\"}], \"mapCondition\": {\"isConditionSet\": false, \"sourceTreeIndex\": [], \"targetTreeIndex\": [], \"mapConditionFormValue\": {}}, \"variableSubstitution\": false, \"overwritePipelineValue\": false}], \"/DATETIME_ADD_HOURS_INPUT/sourceDate\": [{\"type\": \"map\", \"source\": {\"path\": \"/DtNow\", \"title\": \"DtNow\", \"dataElementType\": \"string\"}, \"target\": {\"path\": \"/DATETIME_ADD_HOURS_INPUT/sourceDate\", \"title\": \"sourceDate\", \"dataElementType\": \"string\"}, \"mapCondition\": {\"isConditionSet\": false, \"sourceTreeIndex\": [], \"targetTreeIndex\": [], \"mapConditionFormValue\": {}}}]}, \"outputs\": {\"/DtThen\": [{\"type\": \"map\", \"source\": {\"path\": \"/DATETIME_ADD_HOURS_OUTPUT/output\", \"title\": \"output\", \"dataElementType\": \"string\"}, \"target\": {\"path\": \"/DtThen\", \"order\": 1, \"title\": \"DtThen\", \"dataElementType\": \"string\"}, \"mapCondition\": {\"isConditionSet\": false, \"sourceTreeIndex\": [], \"targetTreeIndex\": [], \"mapConditionFormValue\": {}}}]}, \"functionInfo\": {\"id\": \"d97ad190-c5c2-4f94-95e5-e04b4c64ab96\", \"name\": \"AddHours\", \"category\": {\"id\": \"da0984d0-ef2d-4ac1-b61c-b9b378d7ddf9\"}, \"internalName\": \"DATETIME_ADD_HOURS\"}}]}",
    "null" : false
  },
  "endpoint_structure_json" : {
    "type" : "jsonb",
    "value" : "{\"maps\": []}",
    "null" : false
  },
  "is_error" : false,
  "no_of_errors" : 0,
  "action_input_type" : null,
  "config_service_id" : null,
  "config_imap_id" : null,
  "config_b2b_document_type_id" : null,
  "config_document_id" : null,
  "add_variables" : {
    "type" : "jsonb",
    "value" : "[]",
    "null" : false
  },
  "drop_variables" : {
    "type" : "jsonb",
    "value" : "[]",
    "null" : false
  },
  "plug_input_structure" : null,
  "plug_output_structure" : null,
  "config_plug_id" : null,
  "override_plug" : false,
  "config_java_service_id" : null,
  "service_tag" : "V7",
  "endpoint_tag" : null,
  "config_service_tag" : "",
  "config_imap_tag" : "",
  "config_b2b_document_type_tag" : "",
  "active" : false,
  "parent_component_config_service_tag" : "V7",
  "service_project_id" : "27edbc36-f404-4005-832a-6f6f32f16f6e",
  "service_project_tag" : "V7",
  "config_service_project_id" : null,
  "config_service_project_tag" : "",
  "config_imap_project_id" : null,
  "config_imap_project_tag" : "",
  "config_b2b_document_type_project_id" : null,
  "config_b2b_document_type_project_tag" : "",
  "endpoint_project_id" : null,
  "endpoint_project_tag" : null,
  "config_plug_tag" : null,
  "config_plug_project_id" : null,
  "config_plug_project_tag" : null,
  "config_java_service_tag" : "",
  "config_java_service_project_id" : null,
  "config_java_service_project_tag" : "",
  "disabled" : false,
  "config" : null,
  "config_b2b_document_type_project_mode_id" : "112c1cb8-4b9e-4d1a-a042-0bd031dc7d05",
  "config_imap_project_mode_id" : "112c1cb8-4b9e-4d1a-a042-0bd031dc7d05",
  "config_java_service_project_mode_id" : "112c1cb8-4b9e-4d1a-a042-0bd031dc7d05",
  "config_plug_project_mode_id" : "112c1cb8-4b9e-4d1a-a042-0bd031dc7d05",
  "config_service_project_mode_id" : "112c1cb8-4b9e-4d1a-a042-0bd031dc7d05",
  "endpoint_project_mode_id" : "112c1cb8-4b9e-4d1a-a042-0bd031dc7d05",
  "service_project_mode_id" : "112c1cb8-4b9e-4d1a-a042-0bd031dc7d05",
  "parent_component_config_service_project_mode_id" : "112c1cb8-4b9e-4d1a-a042-0bd031dc7d05",
  "is_audit" : true,
  "keys_with_order" : null
}