{
  "id" : "dbd6e229-15ed-474d-900c-67cc35cd5598",
  "name" : "GetAPIMetrics",
  "description" : null,
  "iserror" : false,
  "no_of_errors" : 0,
  "service_input" : null,
  "service_output" : null,
  "service_input_json_schema" : null,
  "service_output_json_schema" : null,
  "type" : "EVENTDRIVEN",
  "error_handler" : false,
  "tag" : "V6",
  "active" : false,
  "is_changed" : true,
  "comment" : "Added GetAPIMetrics (Leaderboard) tool",
  "base_tag" : "V5",
  "test_input" : {
    "type" : "jsonb",
    "value" : "[]",
    "null" : false
  },
  "test_input_structure" : {
    "type" : "jsonb",
    "value" : "[]",
    "null" : false
  }
}