{
  "component_config_id" : "7b039816-e88b-409e-a886-99f0109906b8",
  "endpoint_config_json" : null,
  "input_config_json" : {
    "type" : "jsonb",
    "value" : "{\"expression\": \"%{/UpdateAmplifyMarketplacePendingSubscriptions-ServiceInput/approvalState}% != \\\"approved\\\" && %{/UpdateAmplifyMarketplacePendingSubscriptions-ServiceInput/approvalState}% != \\\"rejected\\\" \"}",
    "null" : false
  },
  "output_config_json" : null,
  "component_id" : "506cb924-5f12-4aee-8567-9f51db3679ae",
  "service_id" : "8d2c0440-d9c2-42b4-b427-8d0082660528",
  "endpoint_id" : null,
  "parent_component_config_id" : "7c199c2d-2694-4d6b-8c39-2fe0981b251b",
  "component_config_order" : 1.0,
  "action_id" : null,
  "name" : null,
  "description" : null,
  "override_endpoint" : false,
  "input_structure_json" : {
    "type" : "jsonb",
    "value" : "{\"fields\": [{\"id\": \"897330da-1524-4f5d-a7c2-8f712c8a7438\", \"path\": \"%{/UpdateAmplifyMarketplacePendingSubscriptions-ServiceInput/approvalState}%\", \"field\": \"/UpdateAmplifyMarketplacePendingSubscriptions-ServiceInput/approvalState\", \"value\": \"approved\", \"isGroup\": false, \"children\": null, \"operator\": \"!=\", \"operation\": \"&&\", \"isTreeChecked\": false, \"dataElementType\": \"string\"}, {\"id\": \"6b6de251-c9c9-4713-918b-c8aacceb5e5c\", \"path\": \"%{/UpdateAmplifyMarketplacePendingSubscriptions-ServiceInput/approvalState}%\", \"field\": \"/UpdateAmplifyMarketplacePendingSubscriptions-ServiceInput/approvalState\", \"value\": \"rejected\", \"isGroup\": false, \"children\": null, \"operator\": \"!=\", \"operation\": \"||\", \"isTreeChecked\": false, \"dataElementType\": \"string\"}]}",
    "null" : false
  },
  "output_structure_json" : null,
  "endpoint_structure_json" : null,
  "is_error" : false,
  "no_of_errors" : null,
  "action_input_type" : null,
  "config_service_id" : null,
  "config_imap_id" : null,
  "config_b2b_document_type_id" : null,
  "config_document_id" : null,
  "add_variables" : null,
  "drop_variables" : null,
  "plug_input_structure" : null,
  "plug_output_structure" : null,
  "config_plug_id" : null,
  "override_plug" : false,
  "config_java_service_id" : null,
  "service_tag" : "V6",
  "endpoint_tag" : null,
  "config_service_tag" : null,
  "config_imap_tag" : null,
  "config_b2b_document_type_tag" : null,
  "active" : false,
  "parent_component_config_service_tag" : "V6",
  "service_project_id" : "27edbc36-f404-4005-832a-6f6f32f16f6e",
  "service_project_tag" : "V6",
  "config_service_project_id" : null,
  "config_service_project_tag" : null,
  "config_imap_project_id" : null,
  "config_imap_project_tag" : null,
  "config_b2b_document_type_project_id" : null,
  "config_b2b_document_type_project_tag" : null,
  "endpoint_project_id" : null,
  "endpoint_project_tag" : null,
  "config_plug_tag" : null,
  "config_plug_project_id" : null,
  "config_plug_project_tag" : null,
  "config_java_service_tag" : null,
  "config_java_service_project_id" : null,
  "config_java_service_project_tag" : null,
  "disabled" : false,
  "config" : null,
  "config_b2b_document_type_project_mode_id" : "112c1cb8-4b9e-4d1a-a042-0bd031dc7d05",
  "config_imap_project_mode_id" : "112c1cb8-4b9e-4d1a-a042-0bd031dc7d05",
  "config_java_service_project_mode_id" : "112c1cb8-4b9e-4d1a-a042-0bd031dc7d05",
  "config_plug_project_mode_id" : "112c1cb8-4b9e-4d1a-a042-0bd031dc7d05",
  "config_service_project_mode_id" : "112c1cb8-4b9e-4d1a-a042-0bd031dc7d05",
  "endpoint_project_mode_id" : "112c1cb8-4b9e-4d1a-a042-0bd031dc7d05",
  "service_project_mode_id" : "112c1cb8-4b9e-4d1a-a042-0bd031dc7d05",
  "parent_component_config_service_project_mode_id" : "112c1cb8-4b9e-4d1a-a042-0bd031dc7d05",
  "is_audit" : true,
  "keys_with_order" : null
}