{
  "component_config_id" : "0795729c-9d43-49f4-9724-83694f6c3da7",
  "endpoint_config_json" : {
    "type" : "jsonb",
    "value" : "{\"crossRef\": [], \"services\": [], \"multistep\": [], \"operations\": []}",
    "null" : false
  },
  "input_config_json" : {
    "type" : "jsonb",
    "value" : "{\"crossRef\": [], \"services\": [], \"multistep\": [], \"operations\": [{\"map\": {\"id\": \"2c406706-9ebc-455f-91d5-9ac5e32c8da4\", \"root\": false, \"type\": \"map\", \"cached\": false, \"source\": \"/GetAPIMetricsMCPServerRequest/body/duration\", \"target\": \"/GetAPIMetrics-ServiceInput/duration\", \"mapNull\": false, \"disabled\": false, \"extractXml\": false, \"extractJson\": false, \"targetOrder\": 1.0, \"mapEmptyString\": false, \"sourceJavaType\": \"java.lang.String\", \"targetJavaType\": \"java.lang.String\"}}]}",
    "null" : false
  },
  "output_config_json" : {
    "type" : "jsonb",
    "value" : "{\"crossRef\": [], \"services\": [], \"multistep\": [], \"operations\": [{\"map\": {\"id\": \"7d085c58-2c99-4c0d-a5e3-6490c3d3c7e9\", \"root\": true, \"type\": \"map\", \"cached\": false, \"source\": \"/GetAPIMetrics-ServiceOutput\", \"target\": \"/GetAPIMetrics-ServiceOutput\", \"mapNull\": false, \"disabled\": false, \"extractXml\": false, \"extractJson\": false, \"targetOrder\": 1.0, \"mapEmptyString\": false}}, {\"map\": {\"id\": \"8f0eb83f-6232-490d-ab82-1b5cf66c0786\", \"root\": false, \"type\": \"map\", \"cached\": false, \"source\": \"/GetAPIMetrics-ServiceOutput/toolResponseText\", \"target\": \"/GetAPIMetricsMCPServerResponse/TextContent/result/content[]/text\", \"mapNull\": false, \"disabled\": false, \"extractXml\": false, \"extractJson\": false, \"targetOrder\": 5.0, \"mapEmptyString\": false, \"sourceJavaType\": \"java.lang.String\", \"targetJavaType\": \"java.lang.String\"}}, {\"map\": {\"id\": \"c073c38b-3fc2-48c2-a2ba-25b4d7e89ba5\", \"root\": false, \"type\": \"map\", \"cached\": false, \"source\": \"/GetAPIMetrics-ServiceOutput/toolResponseType\", \"target\": \"/toolResponseType\", \"mapNull\": false, \"disabled\": false, \"extractXml\": false, \"extractJson\": false, \"targetOrder\": 1.0, \"mapEmptyString\": false, \"sourceJavaType\": \"java.lang.String\", \"targetJavaType\": \"java.lang.String\"}}]}",
    "null" : false
  },
  "component_id" : "756d919f-1b1f-4eab-9f44-2f7b5bbe175c",
  "service_id" : "dbd6e229-15ed-474d-900c-67cc35cd5598",
  "endpoint_id" : null,
  "parent_component_config_id" : "5501773c-a10b-4501-8974-323df7aea7a1",
  "component_config_order" : 0.5,
  "action_id" : "8e231fcc-71d0-43f6-9303-70dcb0ca6080",
  "name" : "Call GetAPIMetrics-Service",
  "description" : "",
  "override_endpoint" : false,
  "input_structure_json" : {
    "type" : "jsonb",
    "value" : "{\"maps\": [{\"/GetAPIMetrics-ServiceInput/duration\": [{\"type\": \"map\", \"source\": {\"path\": \"/GetAPIMetricsMCPServerRequest/body/duration\", \"title\": \"duration\", \"dataElementType\": \"string\"}, \"target\": {\"path\": \"/GetAPIMetrics-ServiceInput/duration\", \"order\": 1, \"title\": \"duration\", \"dataElementType\": \"string\"}, \"mapCondition\": {\"isConditionSet\": false, \"sourceTreeIndex\": [], \"targetTreeIndex\": [], \"mapConditionFormValue\": {}}}]}], \"mappedNodes\": [\"/GetAPIMetrics-ServiceOutputactionOut\", \"/GetAPIMetrics-ServiceOutputpipeOut\", \"/GetAPIMetrics-ServiceOutput/toolResponseText\", \"/GetAPIMetricsMCPServerResponse/TextContent/result/content[]/textpipeOut\", \"/GetAPIMetrics-ServiceOutput/toolResponseType\", \"/toolResponseTypepipeOut\"]}",
    "null" : false
  },
  "output_structure_json" : {
    "type" : "jsonb",
    "value" : "{\"maps\": [{\"/GetAPIMetrics-ServiceOutput\": [{\"type\": \"map\", \"source\": {\"path\": \"/GetAPIMetrics-ServiceOutput\", \"title\": \"GetAPIMetrics-ServiceOutput\", \"dataElementType\": \"document\"}, \"target\": {\"path\": \"/GetAPIMetrics-ServiceOutput\", \"order\": 1, \"title\": \"GetAPIMetrics-ServiceOutput\", \"dataElementType\": \"document\"}, \"mapCondition\": {\"isConditionSet\": false, \"sourceTreeIndex\": [], \"targetTreeIndex\": [], \"mapConditionFormValue\": {}}}]}, {\"/GetAPIMetricsMCPServerResponse/TextContent/result/content[]/text\": [{\"type\": \"list\", \"source\": {\"path\": \"/GetAPIMetrics-ServiceOutput/toolResponseText\", \"title\": \"toolResponseText\", \"dataElementType\": \"string\"}, \"target\": {\"path\": \"/GetAPIMetricsMCPServerResponse/TextContent/result/content[]/text\", \"order\": 5, \"title\": \"text\", \"dataElementType\": \"string\"}, \"mapCondition\": {\"isConditionSet\": false, \"sourceTreeIndex\": [{\"key\": 1, \"title\": \"GetAPIMetrics-ServiceOutput\", \"isLeaf\": false, \"isArray\": false, \"children\": [{\"key\": 2, \"title\": \"toolResponseText\", \"isLeaf\": false, \"isArray\": false, \"parentKey\": 1}], \"parentKey\": 0}], \"targetTreeIndex\": [{\"key\": 1, \"title\": \"GetAPIMetricsMCPServerResponse\", \"isLeaf\": false, \"isArray\": false, \"children\": [{\"key\": 2, \"title\": \"TextContent\", \"isLeaf\": false, \"isArray\": false, \"children\": [{\"key\": 3, \"title\": \"result\", \"isLeaf\": false, \"isArray\": false, \"children\": [{\"key\": 4, \"title\": \"content\", \"isLeaf\": false, \"isArray\": true, \"children\": [{\"key\": 5, \"title\": \"text\", \"isLeaf\": false, \"isArray\": false, \"parentKey\": 4}], \"parentKey\": 3, \"arrayIndex\": null}], \"parentKey\": 2}], \"parentKey\": 1}], \"parentKey\": 0}], \"mapConditionFormValue\": {}}}]}, {\"/toolResponseType\": [{\"type\": \"map\", \"source\": {\"path\": \"/GetAPIMetrics-ServiceOutput/toolResponseType\", \"title\": \"toolResponseType\", \"dataElementType\": \"string\"}, \"target\": {\"path\": \"/toolResponseType\", \"order\": 1, \"title\": \"toolResponseType\", \"dataElementType\": \"string\"}, \"mapCondition\": {\"isConditionSet\": false, \"sourceTreeIndex\": [], \"targetTreeIndex\": [], \"mapConditionFormValue\": {}}}]}], \"tracks\": {}, \"transformer\": []}",
    "null" : false
  },
  "endpoint_structure_json" : {
    "type" : "jsonb",
    "value" : "{\"maps\": []}",
    "null" : false
  },
  "is_error" : false,
  "no_of_errors" : 0,
  "action_input_type" : null,
  "config_service_id" : "21aabb05-11fe-4fec-ac58-02788fd4f0ad",
  "config_imap_id" : null,
  "config_b2b_document_type_id" : null,
  "config_document_id" : null,
  "add_variables" : {
    "type" : "jsonb",
    "value" : "[]",
    "null" : false
  },
  "drop_variables" : {
    "type" : "jsonb",
    "value" : "[]",
    "null" : false
  },
  "plug_input_structure" : null,
  "plug_output_structure" : null,
  "config_plug_id" : null,
  "override_plug" : false,
  "config_java_service_id" : null,
  "service_tag" : "V6",
  "endpoint_tag" : null,
  "config_service_tag" : "EMPTY",
  "config_imap_tag" : "",
  "config_b2b_document_type_tag" : "",
  "active" : false,
  "parent_component_config_service_tag" : "V6",
  "service_project_id" : "27edbc36-f404-4005-832a-6f6f32f16f6e",
  "service_project_tag" : "V6",
  "config_service_project_id" : "27edbc36-f404-4005-832a-6f6f32f16f6e",
  "config_service_project_tag" : "EMPTY",
  "config_imap_project_id" : null,
  "config_imap_project_tag" : "",
  "config_b2b_document_type_project_id" : null,
  "config_b2b_document_type_project_tag" : "",
  "endpoint_project_id" : null,
  "endpoint_project_tag" : null,
  "config_plug_tag" : null,
  "config_plug_project_id" : null,
  "config_plug_project_tag" : null,
  "config_java_service_tag" : "",
  "config_java_service_project_id" : null,
  "config_java_service_project_tag" : "",
  "disabled" : false,
  "config" : {
    "type" : "json",
    "value" : "{\"serviceProjectName\":\"FusionAmplifyMCP\"}",
    "null" : false
  },
  "config_b2b_document_type_project_mode_id" : "112c1cb8-4b9e-4d1a-a042-0bd031dc7d05",
  "config_imap_project_mode_id" : "112c1cb8-4b9e-4d1a-a042-0bd031dc7d05",
  "config_java_service_project_mode_id" : "112c1cb8-4b9e-4d1a-a042-0bd031dc7d05",
  "config_plug_project_mode_id" : "112c1cb8-4b9e-4d1a-a042-0bd031dc7d05",
  "config_service_project_mode_id" : "112c1cb8-4b9e-4d1a-a042-0bd031dc7d05",
  "endpoint_project_mode_id" : "112c1cb8-4b9e-4d1a-a042-0bd031dc7d05",
  "service_project_mode_id" : "112c1cb8-4b9e-4d1a-a042-0bd031dc7d05",
  "parent_component_config_service_project_mode_id" : "112c1cb8-4b9e-4d1a-a042-0bd031dc7d05",
  "is_audit" : true,
  "keys_with_order" : null
}