{
  "component_config_id" : "ff4fe697-6bc7-4814-b879-7edc8b09d2e5",
  "endpoint_config_json" : {
    "type" : "jsonb",
    "value" : "{\"crossRef\": [], \"services\": [], \"multistep\": [], \"operations\": []}",
    "null" : false
  },
  "input_config_json" : {
    "type" : "jsonb",
    "value" : "{\"crossRef\": [], \"services\": [], \"multistep\": [], \"operations\": []}",
    "null" : false
  },
  "output_config_json" : {
    "type" : "jsonb",
    "value" : "{\"crossRef\": [], \"services\": [], \"multistep\": [], \"operations\": [{\"transformer\": {\"id\": \"d16a9fa8-3fcc-4bea-83d9-6cfe3d4b1f51\", \"name\": \"DATETIME_DATE_TIME_TO_EPOCH\", \"type\": \"DateTime\", \"query\": null, \"inputs\": [{\"id\": \"4ec58f92-4e5c-4e00-9d19-63168af8ec30\", \"root\": false, \"type\": \"map\", \"cached\": false, \"source\": \"/DtThen\", \"target\": \"/DATETIME_DATE_TIME_TO_EPOCH_INPUT/sourceDate\", \"mapNull\": false, \"disabled\": false, \"extractXml\": false, \"extractJson\": false, \"mapEmptyString\": false, \"sourceJavaType\": \"java.lang.String\", \"targetJavaType\": \"java.lang.String\"}, {\"id\": \"1f3a3184-13f7-44ef-8f81-c0e4598dab4c\", \"root\": false, \"type\": \"setValue\", \"cached\": false, \"target\": \"/DATETIME_DATE_TIME_TO_EPOCH_INPUT/sourceDateFormat\", \"mapNull\": false, \"disabled\": false, \"extractXml\": false, \"extractJson\": false, \"targetValue\": \"yyyy-MM-dd HH:mm:ss SSS\", \"mapEmptyString\": false, \"targetJavaType\": \"java.lang.String\", \"variableSubstitution\": false}], \"outputs\": [{\"id\": \"343d17f8-9bcd-4114-a5c7-ecdc7b9dd06e\", \"root\": false, \"type\": \"map\", \"cached\": false, \"source\": \"/DATETIME_DATE_TIME_TO_EPOCH_OUTPUT/output\", \"target\": \"/DtThenEpoch\", \"mapNull\": false, \"disabled\": false, \"extractXml\": false, \"extractJson\": false, \"targetOrder\": 1.0, \"mapEmptyString\": false, \"sourceJavaType\": \"java.lang.String\", \"targetJavaType\": \"java.lang.String\"}], \"tableId\": null, \"configId\": null, \"disabled\": false, \"serviceId\": null, \"expression\": null}}]}",
    "null" : false
  },
  "component_id" : "8ac5fe03-27a2-4e6a-a449-6a8893818223",
  "service_id" : "21aabb05-11fe-4fec-ac58-02788fd4f0ad",
  "endpoint_id" : null,
  "parent_component_config_id" : "e0f188f4-813d-4839-831b-b4cb2abab690",
  "component_config_order" : 3.984375,
  "action_id" : "06843b78-eab0-45da-afab-8c8277d7553f",
  "name" : "Convert to epoch time",
  "description" : "",
  "override_endpoint" : false,
  "input_structure_json" : {
    "type" : "jsonb",
    "value" : "{\"maps\": [], \"mappedNodes\": [\"/DATETIME_DATE_TIME_TO_EPOCH_INPUT/sourceDateFormat\", \"/DATETIME_DATE_TIME_TO_EPOCH_INPUT\", \"/DATETIME_DATE_TIME_TO_EPOCH_OUTPUT/output0\", \"/DtThenEpochpipeOut\", \"/DtThen pipeIn\", \"/DATETIME_DATE_TIME_TO_EPOCH_INPUT/sourceDate0\"]}",
    "null" : false
  },
  "output_structure_json" : {
    "type" : "jsonb",
    "value" : "{\"maps\": [], \"tracks\": {}, \"transformer\": [{\"inputs\": {\"/DATETIME_DATE_TIME_TO_EPOCH_INPUT/sourceDate\": [{\"type\": \"map\", \"source\": {\"path\": \"/DtThen\", \"title\": \"DtThen\", \"dataElementType\": \"string\"}, \"target\": {\"path\": \"/DATETIME_DATE_TIME_TO_EPOCH_INPUT/sourceDate\", \"title\": \"sourceDate\", \"dataElementType\": \"string\"}, \"mapCondition\": {\"isConditionSet\": false, \"sourceTreeIndex\": [], \"targetTreeIndex\": [], \"mapConditionFormValue\": {}}}], \"/DATETIME_DATE_TIME_TO_EPOCH_INPUT/sourceDateFormat\": [{\"type\": \"setValue\", \"target\": {\"path\": \"/DATETIME_DATE_TIME_TO_EPOCH_INPUT/sourceDateFormat\", \"order\": \"\", \"title\": \"sourceDateFormat\", \"dataElementType\": \"string\"}, \"values\": [{\"id\": \"772f3f3f-b344-4364-a31a-8e0ac61b0ec8\", \"key\": \"/DATETIME_DATE_TIME_TO_EPOCH_INPUT/sourceDateFormat\", \"type\": \"string\", \"title\": \"sourceDateFormat\", \"isLeaf\": true, \"secret\": false, \"children\": [], \"setValue\": null, \"uiElement\": \"yyyy-MM-dd HH:mm:ss SSS\", \"isSetValue\": false, \"dataElementType\": \"string\"}], \"mapCondition\": {\"isConditionSet\": false, \"sourceTreeIndex\": [], \"targetTreeIndex\": [], \"mapConditionFormValue\": {}}, \"variableSubstitution\": false, \"overwritePipelineValue\": false}]}, \"outputs\": {\"/DtThenEpoch\": [{\"type\": \"map\", \"source\": {\"path\": \"/DATETIME_DATE_TIME_TO_EPOCH_OUTPUT/output\", \"title\": \"output\", \"dataElementType\": \"string\"}, \"target\": {\"path\": \"/DtThenEpoch\", \"order\": 1, \"title\": \"DtThenEpoch\", \"dataElementType\": \"string\"}, \"mapCondition\": {\"isConditionSet\": false, \"sourceTreeIndex\": [], \"targetTreeIndex\": [], \"mapConditionFormValue\": {}}}]}, \"functionInfo\": {\"id\": \"882c84f5-a93f-49ba-bc11-df5a8123ca6d\", \"name\": \"DateTimeToEpoch\", \"category\": {\"id\": \"da0984d0-ef2d-4ac1-b61c-b9b378d7ddf9\"}, \"internalName\": \"DATETIME_DATE_TIME_TO_EPOCH\"}}]}",
    "null" : false
  },
  "endpoint_structure_json" : {
    "type" : "jsonb",
    "value" : "{\"maps\": []}",
    "null" : false
  },
  "is_error" : false,
  "no_of_errors" : 0,
  "action_input_type" : null,
  "config_service_id" : null,
  "config_imap_id" : null,
  "config_b2b_document_type_id" : null,
  "config_document_id" : null,
  "add_variables" : {
    "type" : "jsonb",
    "value" : "[]",
    "null" : false
  },
  "drop_variables" : {
    "type" : "jsonb",
    "value" : "[]",
    "null" : false
  },
  "plug_input_structure" : null,
  "plug_output_structure" : null,
  "config_plug_id" : null,
  "override_plug" : false,
  "config_java_service_id" : null,
  "service_tag" : "V6",
  "endpoint_tag" : null,
  "config_service_tag" : "",
  "config_imap_tag" : "",
  "config_b2b_document_type_tag" : "",
  "active" : false,
  "parent_component_config_service_tag" : "V6",
  "service_project_id" : "27edbc36-f404-4005-832a-6f6f32f16f6e",
  "service_project_tag" : "V6",
  "config_service_project_id" : null,
  "config_service_project_tag" : "",
  "config_imap_project_id" : null,
  "config_imap_project_tag" : "",
  "config_b2b_document_type_project_id" : null,
  "config_b2b_document_type_project_tag" : "",
  "endpoint_project_id" : null,
  "endpoint_project_tag" : null,
  "config_plug_tag" : null,
  "config_plug_project_id" : null,
  "config_plug_project_tag" : null,
  "config_java_service_tag" : "",
  "config_java_service_project_id" : null,
  "config_java_service_project_tag" : "",
  "disabled" : false,
  "config" : null,
  "config_b2b_document_type_project_mode_id" : "112c1cb8-4b9e-4d1a-a042-0bd031dc7d05",
  "config_imap_project_mode_id" : "112c1cb8-4b9e-4d1a-a042-0bd031dc7d05",
  "config_java_service_project_mode_id" : "112c1cb8-4b9e-4d1a-a042-0bd031dc7d05",
  "config_plug_project_mode_id" : "112c1cb8-4b9e-4d1a-a042-0bd031dc7d05",
  "config_service_project_mode_id" : "112c1cb8-4b9e-4d1a-a042-0bd031dc7d05",
  "endpoint_project_mode_id" : "112c1cb8-4b9e-4d1a-a042-0bd031dc7d05",
  "service_project_mode_id" : "112c1cb8-4b9e-4d1a-a042-0bd031dc7d05",
  "parent_component_config_service_project_mode_id" : "112c1cb8-4b9e-4d1a-a042-0bd031dc7d05",
  "is_audit" : true,
  "keys_with_order" : null
}