{
  "component_config_id" : "00e9e2b5-dbd9-4166-9da6-f2b1da1b45bb",
  "endpoint_config_json" : {
    "type" : "jsonb",
    "value" : "{\"crossRef\": [], \"services\": [], \"multistep\": [], \"operations\": []}",
    "null" : false
  },
  "input_config_json" : {
    "type" : "jsonb",
    "value" : "{\"crossRef\": [], \"services\": [], \"multistep\": [], \"operations\": []}",
    "null" : false
  },
  "output_config_json" : {
    "type" : "jsonb",
    "value" : "{\"crossRef\": [], \"services\": [], \"multistep\": [], \"operations\": [{\"transformer\": {\"id\": \"ee8ad328-3c67-4018-baed-298ea1db0900\", \"name\": \"DATETIME_SYSTEM_DATETIME\", \"type\": \"DateTime\", \"query\": null, \"inputs\": [{\"id\": \"473e4304-339b-4a19-904d-990666875eaa\", \"root\": false, \"type\": \"setValue\", \"cached\": false, \"target\": \"/DATETIME_SYSTEM_DATETIME_INPUT/format\", \"mapNull\": false, \"disabled\": false, \"extractXml\": false, \"extractJson\": false, \"targetValue\": \"yyyy-MM-dd HH:mm:ss SSS\", \"mapEmptyString\": false, \"targetJavaType\": \"java.lang.String\", \"variableSubstitution\": false}], \"outputs\": [{\"id\": \"821e473a-9253-4596-988f-8716c4776866\", \"root\": false, \"type\": \"map\", \"cached\": false, \"source\": \"/DATETIME_SYSTEM_DATETIME_OUTPUT/output\", \"target\": \"/DtNow\", \"mapNull\": false, \"disabled\": false, \"extractXml\": false, \"extractJson\": false, \"targetOrder\": 1.0, \"mapEmptyString\": false, \"sourceJavaType\": \"java.lang.String\", \"targetJavaType\": \"java.lang.String\"}], \"tableId\": null, \"configId\": null, \"disabled\": false, \"serviceId\": null, \"expression\": null}}, {\"map\": {\"id\": \"0e94c7bc-6ce1-4929-aed3-ab6637a178f7\", \"root\": false, \"type\": \"setValue\", \"cached\": false, \"target\": \"/GetAPIMetrics-ServiceOutput/toolResponseType\", \"mapNull\": false, \"disabled\": false, \"extractXml\": false, \"extractJson\": false, \"targetOrder\": 1.0, \"targetValue\": \"TextContent\", \"mapEmptyString\": false, \"targetJavaType\": \"java.lang.String\", \"variableSubstitution\": false}}]}",
    "null" : false
  },
  "component_id" : "8ac5fe03-27a2-4e6a-a449-6a8893818223",
  "service_id" : "21aabb05-11fe-4fec-ac58-02788fd4f0ad",
  "endpoint_id" : null,
  "parent_component_config_id" : null,
  "component_config_order" : 0.5,
  "action_id" : "06843b78-eab0-45da-afab-8c8277d7553f",
  "name" : "Declare variables and set response toolTextType",
  "description" : "",
  "override_endpoint" : false,
  "input_structure_json" : {
    "type" : "jsonb",
    "value" : "{\"maps\": [], \"mappedNodes\": [\"/GetAPIMetrics-ServiceOutputpipeOut\", \"/DATETIME_SYSTEM_DATETIME_INPUT\", \"/DATETIME_SYSTEM_DATETIME_OUTPUT/output0\", \"/DtNowpipeOut\", \"/DATETIME_SYSTEM_DATETIME_INPUT/format\", \"/DATETIME_SYSTEM_DATETIME_INPUT\"]}",
    "null" : false
  },
  "output_structure_json" : {
    "type" : "jsonb",
    "value" : "{\"maps\": [{\"/GetAPIMetrics-ServiceOutput/toolResponseType\": [{\"type\": \"setValue\", \"order\": 1, \"target\": {\"path\": \"/GetAPIMetrics-ServiceOutput/toolResponseType\", \"order\": 1, \"title\": \"toolResponseType\", \"dataElementType\": \"string\"}, \"values\": [{\"id\": \"14ed251b-848b-4ac2-851d-f01d9416421f\", \"key\": \"/GetAPIMetrics-ServiceOutput/toolResponseType\", \"type\": \"node\", \"order\": 1, \"title\": \"toolResponseType\", \"children\": [], \"setValue\": null, \"editAllow\": true, \"uiElement\": \"TextContent\", \"isSetValue\": false, \"childrenSet\": false, \"hasChildren\": false, \"dataElementType\": \"string\", \"encryption_required\": false}], \"mapCondition\": {\"isConditionSet\": false, \"sourceTreeIndex\": [], \"targetTreeIndex\": [], \"mapConditionFormValue\": {}}, \"dataElementType\": \"string\", \"variableSubstitution\": false, \"overwritePipelineValue\": false}]}], \"tracks\": {}, \"transformer\": [{\"inputs\": {\"/DATETIME_SYSTEM_DATETIME_INPUT/format\": [{\"type\": \"setValue\", \"target\": {\"path\": \"/DATETIME_SYSTEM_DATETIME_INPUT/format\", \"order\": \"\", \"title\": \"format\", \"dataElementType\": \"string\"}, \"values\": [{\"id\": \"653b479a-f751-4ada-9314-0cb22a1cb44f\", \"key\": \"/DATETIME_SYSTEM_DATETIME_INPUT/format\", \"type\": \"string\", \"title\": \"format\", \"isLeaf\": true, \"secret\": false, \"children\": [], \"setValue\": null, \"uiElement\": \"yyyy-MM-dd HH:mm:ss SSS\", \"isSetValue\": false, \"dataElementType\": \"string\"}], \"mapCondition\": {\"isConditionSet\": false, \"sourceTreeIndex\": [], \"targetTreeIndex\": [], \"mapConditionFormValue\": {}}, \"variableSubstitution\": false, \"overwritePipelineValue\": false}]}, \"outputs\": {\"/DtNow\": [{\"type\": \"map\", \"source\": {\"path\": \"/DATETIME_SYSTEM_DATETIME_OUTPUT/output\", \"title\": \"output\", \"dataElementType\": \"string\"}, \"target\": {\"path\": \"/DtNow\", \"order\": 1, \"title\": \"DtNow\", \"dataElementType\": \"string\"}, \"mapCondition\": {\"isConditionSet\": false, \"sourceTreeIndex\": [], \"targetTreeIndex\": [], \"mapConditionFormValue\": {}}}]}, \"functionInfo\": {\"id\": \"ac81d0d7-fa9b-4a6f-835a-048a3557b4ea\", \"name\": \"SystemDateTime\", \"category\": {\"id\": \"da0984d0-ef2d-4ac1-b61c-b9b378d7ddf9\"}, \"internalName\": \"DATETIME_SYSTEM_DATETIME\"}}]}",
    "null" : false
  },
  "endpoint_structure_json" : {
    "type" : "jsonb",
    "value" : "{\"maps\": []}",
    "null" : false
  },
  "is_error" : false,
  "no_of_errors" : 0,
  "action_input_type" : null,
  "config_service_id" : null,
  "config_imap_id" : null,
  "config_b2b_document_type_id" : null,
  "config_document_id" : null,
  "add_variables" : {
    "type" : "jsonb",
    "value" : "[{\"id\": \"9018784e-8eb1-43fd-aeb3-ae5063762c5b\", \"key\": \"/DtNow\", \"type\": \"node\", \"order\": 1, \"title\": \"DtNow\", \"value\": {\"type\": \"string\"}, \"children\": [], \"editAllow\": true, \"componentName\": \"Declare variables and set response toolTextType\", \"dataElementType\": \"string\", \"componentConfigId\": \"00e9e2b5-dbd9-4166-9da6-f2b1da1b45bb\", \"componentConfigName\": \"Map\"}, {\"id\": \"d879bcdf-7611-4980-b6df-4c096d98ee71\", \"key\": \"/DtThen\", \"type\": \"node\", \"order\": 1, \"title\": \"DtThen\", \"value\": {\"type\": \"string\"}, \"children\": [], \"editAllow\": true, \"componentName\": \"Declare variables and set response toolTextType\", \"dataElementType\": \"string\", \"componentConfigId\": \"00e9e2b5-dbd9-4166-9da6-f2b1da1b45bb\", \"componentConfigName\": \"Map\"}, {\"id\": \"5c555408-bb0e-4436-b5a4-ede32bab5f10\", \"key\": \"/DtNowEpoch\", \"type\": \"node\", \"order\": 1, \"title\": \"DtNowEpoch\", \"value\": {\"type\": \"string\"}, \"children\": [], \"editAllow\": true, \"componentName\": \"Declare variables and set response toolTextType\", \"dataElementType\": \"string\", \"componentConfigId\": \"00e9e2b5-dbd9-4166-9da6-f2b1da1b45bb\", \"componentConfigName\": \"Map\"}, {\"id\": \"9572178e-39ce-4ae6-8feb-c81128ea2fee\", \"key\": \"/DtThenEpoch\", \"type\": \"node\", \"order\": 1, \"title\": \"DtThenEpoch\", \"value\": {\"type\": \"string\"}, \"children\": [], \"editAllow\": true, \"componentName\": \"Declare variables and set response toolTextType\", \"dataElementType\": \"string\", \"componentConfigId\": \"00e9e2b5-dbd9-4166-9da6-f2b1da1b45bb\", \"componentConfigName\": \"Map\"}]",
    "null" : false
  },
  "drop_variables" : {
    "type" : "jsonb",
    "value" : "[]",
    "null" : false
  },
  "plug_input_structure" : null,
  "plug_output_structure" : null,
  "config_plug_id" : null,
  "override_plug" : false,
  "config_java_service_id" : null,
  "service_tag" : "V6",
  "endpoint_tag" : null,
  "config_service_tag" : "",
  "config_imap_tag" : "",
  "config_b2b_document_type_tag" : "",
  "active" : false,
  "parent_component_config_service_tag" : "V6",
  "service_project_id" : "27edbc36-f404-4005-832a-6f6f32f16f6e",
  "service_project_tag" : "V6",
  "config_service_project_id" : null,
  "config_service_project_tag" : "",
  "config_imap_project_id" : null,
  "config_imap_project_tag" : "",
  "config_b2b_document_type_project_id" : null,
  "config_b2b_document_type_project_tag" : "",
  "endpoint_project_id" : null,
  "endpoint_project_tag" : null,
  "config_plug_tag" : null,
  "config_plug_project_id" : null,
  "config_plug_project_tag" : null,
  "config_java_service_tag" : "",
  "config_java_service_project_id" : null,
  "config_java_service_project_tag" : "",
  "disabled" : false,
  "config" : null,
  "config_b2b_document_type_project_mode_id" : "112c1cb8-4b9e-4d1a-a042-0bd031dc7d05",
  "config_imap_project_mode_id" : "112c1cb8-4b9e-4d1a-a042-0bd031dc7d05",
  "config_java_service_project_mode_id" : "112c1cb8-4b9e-4d1a-a042-0bd031dc7d05",
  "config_plug_project_mode_id" : "112c1cb8-4b9e-4d1a-a042-0bd031dc7d05",
  "config_service_project_mode_id" : "112c1cb8-4b9e-4d1a-a042-0bd031dc7d05",
  "endpoint_project_mode_id" : "112c1cb8-4b9e-4d1a-a042-0bd031dc7d05",
  "service_project_mode_id" : "112c1cb8-4b9e-4d1a-a042-0bd031dc7d05",
  "parent_component_config_service_project_mode_id" : "112c1cb8-4b9e-4d1a-a042-0bd031dc7d05",
  "is_audit" : true,
  "keys_with_order" : null
}