{
  "component_config_id" : "1e469175-02d7-4ee0-b436-553f21b45b79",
  "endpoint_config_json" : {
    "type" : "jsonb",
    "value" : "{\"crossRef\": [], \"services\": [], \"multistep\": [], \"operations\": []}",
    "null" : false
  },
  "input_config_json" : {
    "type" : "jsonb",
    "value" : "{\"crossRef\": [], \"services\": [], \"multistep\": [], \"operations\": [{\"map\": {\"id\": \"f0c64f2b-9263-44b5-b4e2-3ab6f12e01cf\", \"root\": false, \"type\": \"map\", \"cached\": false, \"source\": \"/DtThenEpoch\", \"target\": \"/queryParams/from\", \"mapNull\": false, \"disabled\": false, \"extractXml\": false, \"extractJson\": false, \"mapEmptyString\": false, \"sourceJavaType\": \"java.lang.String\", \"targetJavaType\": \"java.lang.Float\"}}, {\"map\": {\"id\": \"aa146f5f-6728-4adc-a244-fba194f0c7d4\", \"root\": false, \"type\": \"map\", \"cached\": false, \"source\": \"/DtNowEpoch\", \"target\": \"/queryParams/to\", \"mapNull\": false, \"disabled\": false, \"extractXml\": false, \"extractJson\": false, \"mapEmptyString\": false, \"sourceJavaType\": \"java.lang.String\", \"targetJavaType\": \"java.lang.Float\"}}, {\"map\": {\"id\": \"04d710b8-d124-48e9-a0db-d95cfafb99c5\", \"root\": false, \"type\": \"setValue\", \"cached\": false, \"target\": \"/queryParams/durationDetails\", \"mapNull\": false, \"disabled\": false, \"extractXml\": false, \"extractJson\": false, \"targetOrder\": 1.0, \"targetValue\": \"true\", \"mapEmptyString\": false, \"targetJavaType\": \"java.lang.Boolean\", \"variableSubstitution\": false}}, {\"map\": {\"id\": \"53986c15-a692-4197-b341-7a2b80002189\", \"root\": false, \"type\": \"setValue\", \"cached\": false, \"target\": \"/queryParams/context\", \"mapNull\": false, \"disabled\": false, \"extractXml\": false, \"extractJson\": false, \"targetOrder\": 1.0, \"targetValue\": \"api\", \"mapEmptyString\": false, \"targetJavaType\": \"java.lang.String\", \"variableSubstitution\": false}}, {\"map\": {\"id\": \"588b9591-727b-4f2e-bf0c-909994799e35\", \"root\": false, \"type\": \"setValue\", \"cached\": false, \"target\": \"/queryParams/groupBy/@{0}\", \"mapNull\": false, \"disabled\": false, \"extractXml\": false, \"extractJson\": false, \"targetValue\": \"apiId\", \"mapEmptyString\": false, \"targetJavaType\": \"java.lang.String\", \"variableSubstitution\": false}}]}",
    "null" : false
  },
  "output_config_json" : {
    "type" : "jsonb",
    "value" : "{\"crossRef\": [], \"services\": [], \"multistep\": [], \"operations\": [{\"map\": {\"id\": \"aa43ddc3-afde-4a81-a0e6-9b05027a30bd\", \"root\": true, \"type\": \"map\", \"cached\": false, \"source\": \"/GET_traceability-summaryOutput\", \"target\": \"/GET_traceability-summaryOutput\", \"mapNull\": false, \"disabled\": false, \"extractXml\": false, \"extractJson\": false, \"targetOrder\": 1.0, \"mapEmptyString\": false}}, {\"map\": {\"id\": \"fc80f85c-d277-4697-8b5b-39736b31c1b8\", \"root\": false, \"type\": \"list\", \"cached\": false, \"source\": \"/GET_traceability-summaryOutput/response[]/totalCount\", \"target\": \"/redicedResponse[]/totalCount\", \"mapNull\": false, \"disabled\": false, \"extractXml\": false, \"extractJson\": false, \"targetOrder\": 8.0, \"mapEmptyString\": false, \"sourceJavaType\": \"java.lang.Float\", \"targetJavaType\": \"java.lang.Float\"}}, {\"map\": {\"id\": \"05db0764-c83b-4b38-a576-06880258cab2\", \"root\": false, \"type\": \"list\", \"cached\": false, \"source\": \"/GET_traceability-summaryOutput/response[]/avgDurationMs\", \"target\": \"/redicedResponse[]/avgDurationMs\", \"mapNull\": false, \"disabled\": false, \"extractXml\": false, \"extractJson\": false, \"targetOrder\": 9.0, \"mapEmptyString\": false, \"sourceJavaType\": \"java.lang.Float\", \"targetJavaType\": \"java.lang.Float\"}}, {\"map\": {\"id\": \"788d304e-ce1e-4714-8f7a-5a729605d434\", \"root\": false, \"type\": \"list\", \"cached\": false, \"source\": \"/GET_traceability-summaryOutput/response[]/proxyId\", \"target\": \"/redicedResponse[]/proxyId\", \"mapNull\": false, \"disabled\": false, \"extractXml\": false, \"extractJson\": false, \"targetOrder\": 12.0, \"mapEmptyString\": false, \"sourceJavaType\": \"java.lang.String\", \"targetJavaType\": \"java.lang.String\"}}, {\"map\": {\"id\": \"fe10def1-9906-4ad0-a6cb-7981a5a12a2e\", \"root\": false, \"type\": \"list\", \"cached\": false, \"source\": \"/GET_traceability-summaryOutput/response[]/proxyName\", \"target\": \"/redicedResponse[]/proxyName\", \"mapNull\": false, \"disabled\": false, \"extractXml\": false, \"extractJson\": false, \"targetOrder\": 1.0, \"mapEmptyString\": false, \"sourceJavaType\": \"java.lang.String\", \"targetJavaType\": \"java.lang.String\"}}]}",
    "null" : false
  },
  "component_id" : "57a4eaf2-7d82-4894-856a-a4a477d2a3a5",
  "service_id" : "21aabb05-11fe-4fec-ac58-02788fd4f0ad",
  "endpoint_id" : "7247f36b-1416-4db4-95de-274e93b87fa0",
  "parent_component_config_id" : "86abe327-21a4-4903-b4ce-1dce48d1ddd0",
  "component_config_order" : 1.0,
  "action_id" : "57561e36-ab3c-427b-8fd6-55016149e0ba",
  "name" : "Get API Call Metrics",
  "description" : "",
  "override_endpoint" : false,
  "input_structure_json" : {
    "type" : "jsonb",
    "value" : "{\"maps\": [{\"/queryParams/durationDetails\": [{\"type\": \"setValue\", \"target\": {\"path\": \"/queryParams/durationDetails\", \"order\": 1, \"title\": \"durationDetails\", \"dataElementType\": \"boolean\"}, \"values\": [{\"id\": \"02fe5445-3c20-4b16-943e-c40039fa3008\", \"key\": \"/queryParams/durationDetails\", \"type\": \"node\", \"order\": 1, \"title\": \"durationDetails\", \"children\": [], \"setValue\": \"true\", \"editAllow\": true, \"uiElement\": \"true\", \"isSetValue\": false, \"dataElementType\": \"boolean\", \"componentConfigId\": \"1e469175-02d7-4ee0-b436-553f21b45b79\", \"componentConfigName\": \"OpenAPIClient\"}], \"mapCondition\": {\"isConditionSet\": false, \"sourceTreeIndex\": [], \"targetTreeIndex\": [], \"mapConditionFormValue\": {}}, \"variableSubstitution\": false, \"overwritePipelineValue\": false}]}, {\"/queryParams/context\": [{\"type\": \"setValue\", \"target\": {\"path\": \"/queryParams/context\", \"order\": 1, \"title\": \"context\", \"dataElementType\": \"string\"}, \"values\": [{\"id\": \"cc8cd5f9-7fbb-4781-8f33-292b7a02b256\", \"key\": \"/queryParams/context\", \"type\": \"node\", \"order\": 1, \"title\": \"context\", \"children\": [], \"setValue\": null, \"editAllow\": true, \"uiElement\": \"api\", \"isSetValue\": false, \"dataElementType\": \"string\", \"componentConfigId\": \"1e469175-02d7-4ee0-b436-553f21b45b79\", \"componentConfigName\": \"OpenAPIClient\"}], \"mapCondition\": {\"isConditionSet\": false, \"sourceTreeIndex\": [], \"targetTreeIndex\": [], \"mapConditionFormValue\": {}}, \"variableSubstitution\": false, \"overwritePipelineValue\": false}]}, {\"/queryParams/groupBy[]\": [{\"type\": \"setValue\", \"target\": {\"path\": \"/queryParams/groupBy[]\", \"title\": \"groupBy\", \"dataElementType\": \"stringArray\"}, \"values\": [{\"id\": \"6abf5e20-d40f-4df5-9969-6042c7c89679\", \"key\": \"/queryParams/groupBy[]\", \"title\": \"groupBy\", \"isLeaf\": false, \"children\": [{\"id\": \"afd433ad-338e-4cb9-a341-07957aa03387\", \"key\": 0, \"node\": {\"id\": \"6abf5e20-d40f-4df5-9969-6042c7c89679\", \"key\": \"/queryParams/groupBy[]\", \"title\": \"groupBy\", \"isLeaf\": false, \"setValue\": null, \"childrenSet\": false, \"hasChildren\": false, \"dataElementType\": \"stringArray\", \"encryption_required\": false}, \"type\": \"index\", \"title\": \"0\", \"isLeaf\": true, \"setValue\": \"\", \"uiElement\": \"apiId\", \"isSetValue\": false, \"dataElementType\": \"index\"}], \"setValue\": null, \"childrenSet\": false, \"hasChildren\": false, \"dataElementType\": \"stringArray\", \"encryption_required\": false}], \"mapCondition\": {\"isConditionSet\": false, \"sourceTreeIndex\": [], \"targetTreeIndex\": [{\"key\": 1, \"title\": \"queryParams\", \"isLeaf\": false, \"isArray\": false, \"children\": [{\"key\": 2, \"title\": \"groupBy\", \"isLeaf\": false, \"isArray\": true, \"parentKey\": 1, \"arrayIndex\": null}], \"parentKey\": 0}], \"mapConditionFormValue\": {}}, \"variableSubstitution\": false, \"overwritePipelineValue\": false}]}, {\"/queryParams/from\": [{\"type\": \"map\", \"source\": {\"path\": \"/DtThenEpoch\", \"title\": \"DtThenEpoch\", \"dataElementType\": \"string\"}, \"target\": {\"path\": \"/queryParams/from\", \"title\": \"from\", \"dataElementType\": \"number\"}, \"mapCondition\": {\"isConditionSet\": false, \"sourceTreeIndex\": [], \"targetTreeIndex\": [], \"mapConditionFormValue\": {}}}]}, {\"/queryParams/to\": [{\"type\": \"map\", \"source\": {\"path\": \"/DtNowEpoch\", \"title\": \"DtNowEpoch\", \"dataElementType\": \"string\"}, \"target\": {\"path\": \"/queryParams/to\", \"title\": \"to\", \"dataElementType\": \"number\"}, \"mapCondition\": {\"isConditionSet\": false, \"sourceTreeIndex\": [], \"targetTreeIndex\": [], \"mapConditionFormValue\": {}}}]}], \"mappedNodes\": [\"/DtThenEpoch pipeIn\", \"/queryParams/from actionIn\", \"/DtNowEpoch pipeIn\", \"/queryParams/to actionIn\"], \"addVariables\": [{\"id\": \"d0342d7b-b697-4f29-852c-4c5e3c9d7447\", \"key\": \"/queryParams/durationDetails\", \"type\": \"node\", \"order\": 1, \"title\": \"durationDetails\", \"value\": {\"type\": \"boolean\"}, \"children\": [], \"editAllow\": true, \"componentName\": \"Get API Call Metrics\", \"dataElementType\": \"boolean\", \"componentConfigId\": \"1e469175-02d7-4ee0-b436-553f21b45b79\", \"componentConfigName\": \"OpenAPIClient\"}, {\"id\": \"f40e4512-afe2-41e7-9f3b-a80bdbbfa36b\", \"key\": \"/queryParams/context\", \"type\": \"node\", \"order\": 1, \"title\": \"context\", \"value\": {\"type\": \"string\"}, \"children\": [], \"editAllow\": true, \"componentName\": \"Get API Call Metrics\", \"dataElementType\": \"string\", \"componentConfigId\": \"1e469175-02d7-4ee0-b436-553f21b45b79\", \"componentConfigName\": \"OpenAPIClient\"}]}",
    "null" : false
  },
  "output_structure_json" : {
    "type" : "jsonb",
    "value" : "{\"maps\": [{\"/GET_traceability-summaryOutput\": [{\"type\": \"map\", \"source\": {\"path\": \"/GET_traceability-summaryOutput\", \"title\": \"GET_traceability-summaryOutput\", \"dataElementType\": \"document\"}, \"target\": {\"path\": \"/GET_traceability-summaryOutput\", \"order\": 1, \"title\": \"GET_traceability-summaryOutput\", \"dataElementType\": \"document\"}, \"mapCondition\": {\"isConditionSet\": false, \"sourceTreeIndex\": [], \"targetTreeIndex\": [], \"mapConditionFormValue\": {}}}]}, {\"/redicedResponse[]/totalCount\": [{\"type\": \"list\", \"source\": {\"path\": \"/GET_traceability-summaryOutput/response[]/totalCount\", \"title\": \"totalCount\", \"dataElementType\": \"number\"}, \"target\": {\"path\": \"/redicedResponse[]/totalCount\", \"order\": 8, \"title\": \"totalCount\", \"dataElementType\": \"number\"}, \"mapCondition\": {\"isConditionSet\": false, \"sourceTreeIndex\": [{\"key\": 1, \"title\": \"GET_traceability-summaryOutput\", \"isLeaf\": false, \"isArray\": false, \"children\": [{\"key\": 2, \"title\": \"response\", \"isLeaf\": false, \"isArray\": true, \"children\": [{\"key\": 3, \"title\": \"totalCount\", \"isLeaf\": false, \"isArray\": false, \"parentKey\": 2}], \"parentKey\": 1, \"arrayIndex\": null}], \"parentKey\": 0}], \"targetTreeIndex\": [{\"key\": 1, \"title\": \"redicedResponse\", \"isLeaf\": false, \"isArray\": true, \"children\": [{\"key\": 2, \"title\": \"totalCount\", \"isLeaf\": false, \"isArray\": false, \"parentKey\": 1}], \"parentKey\": 0, \"arrayIndex\": null}], \"mapConditionFormValue\": {}}}]}, {\"/redicedResponse[]/avgDurationMs\": [{\"type\": \"list\", \"source\": {\"path\": \"/GET_traceability-summaryOutput/response[]/avgDurationMs\", \"title\": \"avgDurationMs\", \"dataElementType\": \"number\"}, \"target\": {\"path\": \"/redicedResponse[]/avgDurationMs\", \"order\": 9, \"title\": \"avgDurationMs\", \"dataElementType\": \"number\"}, \"mapCondition\": {\"isConditionSet\": false, \"sourceTreeIndex\": [{\"key\": 1, \"title\": \"GET_traceability-summaryOutput\", \"isLeaf\": false, \"isArray\": false, \"children\": [{\"key\": 2, \"title\": \"response\", \"isLeaf\": false, \"isArray\": true, \"children\": [{\"key\": 3, \"title\": \"avgDurationMs\", \"isLeaf\": false, \"isArray\": false, \"parentKey\": 2}], \"parentKey\": 1, \"arrayIndex\": null}], \"parentKey\": 0}], \"targetTreeIndex\": [{\"key\": 1, \"title\": \"redicedResponse\", \"isLeaf\": false, \"isArray\": true, \"children\": [{\"key\": 2, \"title\": \"avgDurationMs\", \"isLeaf\": false, \"isArray\": false, \"parentKey\": 1}], \"parentKey\": 0, \"arrayIndex\": null}], \"mapConditionFormValue\": {}}}]}, {\"/redicedResponse[]/proxyId\": [{\"type\": \"list\", \"source\": {\"path\": \"/GET_traceability-summaryOutput/response[]/proxyId\", \"title\": \"proxyId\", \"dataElementType\": \"string\"}, \"target\": {\"path\": \"/redicedResponse[]/proxyId\", \"order\": 12, \"title\": \"proxyId\", \"dataElementType\": \"string\"}, \"mapCondition\": {\"isConditionSet\": false, \"sourceTreeIndex\": [{\"key\": 1, \"title\": \"GET_traceability-summaryOutput\", \"isLeaf\": false, \"isArray\": false, \"children\": [{\"key\": 2, \"title\": \"response\", \"isLeaf\": false, \"isArray\": true, \"children\": [{\"key\": 3, \"title\": \"proxyId\", \"isLeaf\": false, \"isArray\": false, \"parentKey\": 2}], \"parentKey\": 1, \"arrayIndex\": null}], \"parentKey\": 0}], \"targetTreeIndex\": [{\"key\": 1, \"title\": \"redicedResponse\", \"isLeaf\": false, \"isArray\": true, \"children\": [{\"key\": 2, \"title\": \"proxyId\", \"isLeaf\": false, \"isArray\": false, \"parentKey\": 1}], \"parentKey\": 0, \"arrayIndex\": null}], \"mapConditionFormValue\": {}}}]}, {\"/redicedResponse[]/proxyName\": [{\"type\": \"list\", \"source\": {\"path\": \"/GET_traceability-summaryOutput/response[]/proxyName\", \"title\": \"proxyName\", \"dataElementType\": \"string\"}, \"target\": {\"path\": \"/redicedResponse[]/proxyName\", \"order\": 1, \"title\": \"proxyName\", \"dataElementType\": \"string\"}, \"mapCondition\": {\"isConditionSet\": false, \"sourceTreeIndex\": [{\"key\": 1, \"title\": \"GET_traceability-summaryOutput\", \"isLeaf\": false, \"isArray\": false, \"children\": [{\"key\": 2, \"title\": \"response\", \"isLeaf\": false, \"isArray\": true, \"children\": [{\"key\": 3, \"title\": \"proxyName\", \"isLeaf\": false, \"isArray\": false, \"parentKey\": 2}], \"parentKey\": 1, \"arrayIndex\": null}], \"parentKey\": 0}], \"targetTreeIndex\": [{\"key\": 1, \"title\": \"redicedResponse\", \"isLeaf\": false, \"isArray\": true, \"children\": [{\"key\": 2, \"title\": \"proxyName\", \"isLeaf\": false, \"isArray\": false, \"parentKey\": 1}], \"parentKey\": 0, \"arrayIndex\": null}], \"mapConditionFormValue\": {}}}]}], \"tracks\": {}, \"transformer\": []}",
    "null" : false
  },
  "endpoint_structure_json" : {
    "type" : "jsonb",
    "value" : "{\"maps\": []}",
    "null" : false
  },
  "is_error" : false,
  "no_of_errors" : 0,
  "action_input_type" : null,
  "config_service_id" : null,
  "config_imap_id" : null,
  "config_b2b_document_type_id" : null,
  "config_document_id" : null,
  "add_variables" : {
    "type" : "jsonb",
    "value" : "[{\"id\": \"1e469175-02d7-4ee0-b436-553f21b45b79\", \"key\": \"/redicedResponse[]\", \"type\": \"node\", \"order\": 1, \"title\": \"redicedResponse\", \"value\": {\"type\": \"array\"}, \"children\": [{\"id\": \"5de36ee4-16b4-4a1f-9dc9-c5c0665c8f7b\", \"key\": \"/redicedResponse[]/totalCount\", \"type\": \"number\", \"order\": 8, \"title\": \"totalCount\", \"value\": {\"type\": \"number\", \"requiredFlag\": true}, \"isLeaf\": true, \"childrenSet\": false, \"hasChildren\": false, \"dataElementType\": \"number\", \"componentConfigId\": \"1e469175-02d7-4ee0-b436-553f21b45b79\", \"componentConfigName\": \"OpenAPIClient\", \"encryption_required\": false}, {\"id\": \"b70408f6-2a8a-4eb2-b2ff-a3e6f37e7882\", \"key\": \"/redicedResponse[]/avgDurationMs\", \"type\": \"number\", \"order\": 9, \"title\": \"avgDurationMs\", \"value\": {\"type\": \"number\", \"requiredFlag\": true}, \"isLeaf\": true, \"childrenSet\": false, \"hasChildren\": false, \"dataElementType\": \"number\", \"componentConfigId\": \"1e469175-02d7-4ee0-b436-553f21b45b79\", \"componentConfigName\": \"OpenAPIClient\", \"encryption_required\": false}, {\"id\": \"2247b9f7-ffbc-4d2b-970e-a00d7d542a4a\", \"key\": \"/redicedResponse[]/proxyId\", \"type\": \"string\", \"order\": 12, \"title\": \"proxyId\", \"value\": {\"type\": \"string\", \"requiredFlag\": false}, \"isLeaf\": true, \"childrenSet\": false, \"hasChildren\": false, \"dataElementType\": \"string\", \"componentConfigId\": \"1e469175-02d7-4ee0-b436-553f21b45b79\", \"componentConfigName\": \"OpenAPIClient\", \"encryption_required\": false}, {\"id\": \"69916be7-46c6-4da3-8b99-f6f2c04386ae\", \"key\": \"/redicedResponse[]/proxyName\", \"type\": \"node\", \"order\": 1, \"title\": \"proxyName\", \"value\": {\"type\": \"string\"}, \"children\": [], \"editAllow\": true, \"componentName\": \"Get API Call Metrics\", \"dataElementType\": \"string\", \"componentConfigId\": \"1e469175-02d7-4ee0-b436-553f21b45b79\", \"componentConfigName\": \"OpenAPIClient\"}], \"editAllow\": true, \"componentName\": \"Get API Call Metrics\", \"dataElementType\": \"documentArray\", \"componentConfigId\": \"1e469175-02d7-4ee0-b436-553f21b45b79\", \"componentConfigName\": \"OpenAPIClient\"}]",
    "null" : false
  },
  "drop_variables" : {
    "type" : "jsonb",
    "value" : "[]",
    "null" : false
  },
  "plug_input_structure" : {
    "type" : "jsonb",
    "value" : "[{\"id\": \"1e469175-02d7-4ee0-b436-553f21b45b79\", \"key\": \"/pathParams\", \"order\": 0.0, \"title\": \"pathParams\", \"value\": {\"type\": \"object\"}, \"isLeaf\": false, \"children\": [], \"entityType\": \"componentConfig\", \"childrenSet\": false, \"hasChildren\": true, \"dataElementType\": \"document\", \"encryption_required\": false}, {\"id\": \"1e469175-02d7-4ee0-b436-553f21b45b79\", \"key\": \"/queryParams\", \"order\": 1.0, \"title\": \"queryParams\", \"value\": {\"type\": \"object\"}, \"isLeaf\": false, \"children\": [{\"id\": \"1e469175-02d7-4ee0-b436-553f21b45b79\", \"key\": \"/queryParams/groupBy[]\", \"title\": \"groupBy\", \"value\": {\"type\": \"array\"}, \"isLeaf\": true, \"entityType\": \"componentConfig\", \"childrenSet\": false, \"hasChildren\": false, \"dataElementType\": \"stringArray\", \"encryption_required\": false}, {\"id\": \"1e469175-02d7-4ee0-b436-553f21b45b79\", \"key\": \"/queryParams/query\", \"title\": \"query\", \"value\": {\"type\": \"string\"}, \"isLeaf\": true, \"entityType\": \"componentConfig\", \"childrenSet\": false, \"hasChildren\": false, \"dataElementType\": \"string\", \"encryption_required\": false}, {\"id\": \"1e469175-02d7-4ee0-b436-553f21b45b79\", \"key\": \"/queryParams/from\", \"title\": \"from\", \"value\": {\"type\": \"number\"}, \"isLeaf\": true, \"entityType\": \"componentConfig\", \"childrenSet\": false, \"hasChildren\": false, \"dataElementType\": \"number\", \"encryption_required\": false}, {\"id\": \"1e469175-02d7-4ee0-b436-553f21b45b79\", \"key\": \"/queryParams/to\", \"title\": \"to\", \"value\": {\"type\": \"number\"}, \"isLeaf\": true, \"entityType\": \"componentConfig\", \"childrenSet\": false, \"hasChildren\": false, \"dataElementType\": \"number\", \"encryption_required\": false}], \"entityType\": \"componentConfig\", \"childrenSet\": false, \"hasChildren\": true, \"dataElementType\": \"document\", \"encryption_required\": false}, {\"id\": \"1e469175-02d7-4ee0-b436-553f21b45b79\", \"key\": \"/headers\", \"order\": 2.0, \"title\": \"headers\", \"value\": {\"type\": \"object\"}, \"isLeaf\": false, \"children\": [], \"entityType\": \"componentConfig\", \"childrenSet\": false, \"hasChildren\": true, \"dataElementType\": \"document\", \"encryption_required\": false}]",
    "null" : false
  },
  "plug_output_structure" : {
    "type" : "jsonb",
    "value" : "[{\"id\": \"1e469175-02d7-4ee0-b436-553f21b45b79\", \"key\": \"/GET_traceability-summaryOutput\", \"type\": \"object\", \"order\": 1.0, \"title\": \"GET_traceability-summaryOutput\", \"value\": {\"type\": \"object\", \"requiredFlag\": false}, \"isLeaf\": false, \"children\": [{\"id\": \"1e469175-02d7-4ee0-b436-553f21b45b79\", \"key\": \"/GET_traceability-summaryOutput/success\", \"type\": \"boolean\", \"order\": 2.0, \"title\": \"success\", \"value\": {\"type\": \"boolean\", \"requiredFlag\": false}, \"isLeaf\": true, \"entityType\": \"componentConfig\", \"childrenSet\": false, \"hasChildren\": false, \"dataElementType\": \"boolean\", \"encryption_required\": false}, {\"id\": \"1e469175-02d7-4ee0-b436-553f21b45b79\", \"key\": \"/GET_traceability-summaryOutput/statusCode\", \"type\": \"number\", \"order\": 3.0, \"title\": \"statusCode\", \"value\": {\"type\": \"number\", \"requiredFlag\": false}, \"isLeaf\": true, \"entityType\": \"componentConfig\", \"childrenSet\": false, \"hasChildren\": false, \"dataElementType\": \"number\", \"encryption_required\": false}, {\"id\": \"1e469175-02d7-4ee0-b436-553f21b45b79\", \"key\": \"/GET_traceability-summaryOutput/response[]\", \"type\": \"array\", \"order\": 4.0, \"title\": \"response\", \"value\": {\"type\": \"array\", \"requiredFlag\": false}, \"isLeaf\": false, \"children\": [{\"id\": \"1e469175-02d7-4ee0-b436-553f21b45b79\", \"key\": \"/GET_traceability-summaryOutput/response[]/failureCount\", \"type\": \"number\", \"order\": 5.0, \"title\": \"failureCount\", \"value\": {\"type\": \"number\", \"requiredFlag\": true}, \"isLeaf\": true, \"entityType\": \"componentConfig\", \"childrenSet\": false, \"hasChildren\": false, \"dataElementType\": \"number\", \"encryption_required\": false}, {\"id\": \"1e469175-02d7-4ee0-b436-553f21b45b79\", \"key\": \"/GET_traceability-summaryOutput/response[]/successCount\", \"type\": \"number\", \"order\": 6.0, \"title\": \"successCount\", \"value\": {\"type\": \"number\", \"requiredFlag\": true}, \"isLeaf\": true, \"entityType\": \"componentConfig\", \"childrenSet\": false, \"hasChildren\": false, \"dataElementType\": \"number\", \"encryption_required\": false}, {\"id\": \"1e469175-02d7-4ee0-b436-553f21b45b79\", \"key\": \"/GET_traceability-summaryOutput/response[]/exceptionCount\", \"type\": \"number\", \"order\": 7.0, \"title\": \"exceptionCount\", \"value\": {\"type\": \"number\", \"requiredFlag\": true}, \"isLeaf\": true, \"entityType\": \"componentConfig\", \"childrenSet\": false, \"hasChildren\": false, \"dataElementType\": \"number\", \"encryption_required\": false}, {\"id\": \"1e469175-02d7-4ee0-b436-553f21b45b79\", \"key\": \"/GET_traceability-summaryOutput/response[]/totalCount\", \"type\": \"number\", \"order\": 8.0, \"title\": \"totalCount\", \"value\": {\"type\": \"number\", \"requiredFlag\": true}, \"isLeaf\": true, \"entityType\": \"componentConfig\", \"childrenSet\": false, \"hasChildren\": false, \"dataElementType\": \"number\", \"encryption_required\": false}, {\"id\": \"1e469175-02d7-4ee0-b436-553f21b45b79\", \"key\": \"/GET_traceability-summaryOutput/response[]/avgDurationMs\", \"type\": \"number\", \"order\": 9.0, \"title\": \"avgDurationMs\", \"value\": {\"type\": \"number\", \"requiredFlag\": true}, \"isLeaf\": true, \"entityType\": \"componentConfig\", \"childrenSet\": false, \"hasChildren\": false, \"dataElementType\": \"number\", \"encryption_required\": false}, {\"id\": \"1e469175-02d7-4ee0-b436-553f21b45b79\", \"key\": \"/GET_traceability-summaryOutput/response[]/minDurationMs\", \"type\": \"number\", \"order\": 10.0, \"title\": \"minDurationMs\", \"value\": {\"type\": \"number\", \"requiredFlag\": true}, \"isLeaf\": true, \"entityType\": \"componentConfig\", \"childrenSet\": false, \"hasChildren\": false, \"dataElementType\": \"number\", \"encryption_required\": false}, {\"id\": \"1e469175-02d7-4ee0-b436-553f21b45b79\", \"key\": \"/GET_traceability-summaryOutput/response[]/maxDurationMs\", \"type\": \"number\", \"order\": 11.0, \"title\": \"maxDurationMs\", \"value\": {\"type\": \"number\", \"requiredFlag\": true}, \"isLeaf\": true, \"entityType\": \"componentConfig\", \"childrenSet\": false, \"hasChildren\": false, \"dataElementType\": \"number\", \"encryption_required\": false}, {\"id\": \"1e469175-02d7-4ee0-b436-553f21b45b79\", \"key\": \"/GET_traceability-summaryOutput/response[]/proxyId\", \"type\": \"string\", \"order\": 12.0, \"title\": \"proxyId\", \"value\": {\"type\": \"string\", \"requiredFlag\": false}, \"isLeaf\": true, \"entityType\": \"componentConfig\", \"childrenSet\": false, \"hasChildren\": false, \"dataElementType\": \"string\", \"encryption_required\": false}, {\"id\": \"1e469175-02d7-4ee0-b436-553f21b45b79\", \"key\": \"/GET_traceability-summaryOutput/response[]/proxyName\", \"type\": \"string\", \"order\": 13.0, \"title\": \"proxyName\", \"value\": {\"type\": \"string\", \"requiredFlag\": false}, \"isLeaf\": true, \"entityType\": \"componentConfig\", \"childrenSet\": false, \"hasChildren\": false, \"dataElementType\": \"string\", \"encryption_required\": false}, {\"id\": \"1e469175-02d7-4ee0-b436-553f21b45b79\", \"key\": \"/GET_traceability-summaryOutput/response[]/applicationId\", \"type\": \"string\", \"order\": 14.0, \"title\": \"applicationId\", \"value\": {\"type\": \"string\", \"requiredFlag\": false}, \"isLeaf\": true, \"entityType\": \"componentConfig\", \"childrenSet\": false, \"hasChildren\": false, \"dataElementType\": \"string\", \"encryption_required\": false}, {\"id\": \"1e469175-02d7-4ee0-b436-553f21b45b79\", \"key\": \"/GET_traceability-summaryOutput/response[]/applicationName\", \"type\": \"string\", \"order\": 15.0, \"title\": \"applicationName\", \"value\": {\"type\": \"string\", \"requiredFlag\": false}, \"isLeaf\": true, \"entityType\": \"componentConfig\", \"childrenSet\": false, \"hasChildren\": false, \"dataElementType\": \"string\", \"encryption_required\": false}, {\"id\": \"1e469175-02d7-4ee0-b436-553f21b45b79\", \"key\": \"/GET_traceability-summaryOutput/response[]/teamName\", \"type\": \"string\", \"order\": 16.0, \"title\": \"teamName\", \"value\": {\"type\": \"string\", \"requiredFlag\": false}, \"isLeaf\": true, \"entityType\": \"componentConfig\", \"childrenSet\": false, \"hasChildren\": false, \"dataElementType\": \"string\", \"encryption_required\": false}, {\"id\": \"1e469175-02d7-4ee0-b436-553f21b45b79\", \"key\": \"/GET_traceability-summaryOutput/response[]/method\", \"type\": \"string\", \"order\": 17.0, \"title\": \"method\", \"value\": {\"type\": \"string\", \"requiredFlag\": false}, \"isLeaf\": true, \"entityType\": \"componentConfig\", \"childrenSet\": false, \"hasChildren\": false, \"dataElementType\": \"string\", \"encryption_required\": false}, {\"id\": \"1e469175-02d7-4ee0-b436-553f21b45b79\", \"key\": \"/GET_traceability-summaryOutput/response[]/virtualHost\", \"type\": \"string\", \"order\": 18.0, \"title\": \"virtualHost\", \"value\": {\"type\": \"string\", \"requiredFlag\": false}, \"isLeaf\": true, \"entityType\": \"componentConfig\", \"childrenSet\": false, \"hasChildren\": false, \"dataElementType\": \"string\", \"encryption_required\": false}, {\"id\": \"1e469175-02d7-4ee0-b436-553f21b45b79\", \"key\": \"/GET_traceability-summaryOutput/response[]/uri\", \"type\": \"string\", \"order\": 19.0, \"title\": \"uri\", \"value\": {\"type\": \"string\", \"requiredFlag\": false}, \"isLeaf\": true, \"entityType\": \"componentConfig\", \"childrenSet\": false, \"hasChildren\": false, \"dataElementType\": \"string\", \"encryption_required\": false}, {\"id\": \"1e469175-02d7-4ee0-b436-553f21b45b79\", \"key\": \"/GET_traceability-summaryOutput/response[]/subscriptionId\", \"type\": \"string\", \"order\": 20.0, \"title\": \"subscriptionId\", \"value\": {\"type\": \"string\", \"requiredFlag\": false}, \"isLeaf\": true, \"entityType\": \"componentConfig\", \"childrenSet\": false, \"hasChildren\": false, \"dataElementType\": \"string\", \"encryption_required\": false}, {\"id\": \"1e469175-02d7-4ee0-b436-553f21b45b79\", \"key\": \"/GET_traceability-summaryOutput/response[]/subscriptionName\", \"type\": \"string\", \"order\": 21.0, \"title\": \"subscriptionName\", \"value\": {\"type\": \"string\", \"requiredFlag\": false}, \"isLeaf\": true, \"entityType\": \"componentConfig\", \"childrenSet\": false, \"hasChildren\": false, \"dataElementType\": \"string\", \"encryption_required\": false}, {\"id\": \"1e469175-02d7-4ee0-b436-553f21b45b79\", \"key\": \"/GET_traceability-summaryOutput/response[]/consumerTeamId\", \"type\": \"string\", \"order\": 22.0, \"title\": \"consumerTeamId\", \"value\": {\"type\": \"string\", \"requiredFlag\": false}, \"isLeaf\": true, \"entityType\": \"componentConfig\", \"childrenSet\": false, \"hasChildren\": false, \"dataElementType\": \"string\", \"encryption_required\": false}, {\"id\": \"1e469175-02d7-4ee0-b436-553f21b45b79\", \"key\": \"/GET_traceability-summaryOutput/response[]/consumerTeamName\", \"type\": \"string\", \"order\": 23.0, \"title\": \"consumerTeamName\", \"value\": {\"type\": \"string\", \"requiredFlag\": false}, \"isLeaf\": true, \"entityType\": \"componentConfig\", \"childrenSet\": false, \"hasChildren\": false, \"dataElementType\": \"string\", \"encryption_required\": false}, {\"id\": \"1e469175-02d7-4ee0-b436-553f21b45b79\", \"key\": \"/GET_traceability-summaryOutput/response[]/environmentId\", \"type\": \"string\", \"order\": 24.0, \"title\": \"environmentId\", \"value\": {\"type\": \"string\", \"requiredFlag\": false}, \"isLeaf\": true, \"entityType\": \"componentConfig\", \"childrenSet\": false, \"hasChildren\": false, \"dataElementType\": \"string\", \"encryption_required\": false}, {\"id\": \"1e469175-02d7-4ee0-b436-553f21b45b79\", \"key\": \"/GET_traceability-summaryOutput/response[]/environmentName\", \"type\": \"string\", \"order\": 25.0, \"title\": \"environmentName\", \"value\": {\"type\": \"string\", \"requiredFlag\": false}, \"isLeaf\": true, \"entityType\": \"componentConfig\", \"childrenSet\": false, \"hasChildren\": false, \"dataElementType\": \"string\", \"encryption_required\": false}, {\"id\": \"1e469175-02d7-4ee0-b436-553f21b45b79\", \"key\": \"/GET_traceability-summaryOutput/response[]/consumerOrgId\", \"type\": \"string\", \"order\": 26.0, \"title\": \"consumerOrgId\", \"value\": {\"type\": \"string\", \"requiredFlag\": false}, \"isLeaf\": true, \"entityType\": \"componentConfig\", \"childrenSet\": false, \"hasChildren\": false, \"dataElementType\": \"string\", \"encryption_required\": false}, {\"id\": \"1e469175-02d7-4ee0-b436-553f21b45b79\", \"key\": \"/GET_traceability-summaryOutput/response[]/consumerOrgName\", \"type\": \"string\", \"order\": 27.0, \"title\": \"consumerOrgName\", \"value\": {\"type\": \"string\", \"requiredFlag\": false}, \"isLeaf\": true, \"entityType\": \"componentConfig\", \"childrenSet\": false, \"hasChildren\": false, \"dataElementType\": \"string\", \"encryption_required\": false}, {\"id\": \"1e469175-02d7-4ee0-b436-553f21b45b79\", \"key\": \"/GET_traceability-summaryOutput/response[]/marketplaceId\", \"type\": \"string\", \"order\": 28.0, \"title\": \"marketplaceId\", \"value\": {\"type\": \"string\", \"requiredFlag\": false}, \"isLeaf\": true, \"entityType\": \"componentConfig\", \"childrenSet\": false, \"hasChildren\": false, \"dataElementType\": \"string\", \"encryption_required\": false}, {\"id\": \"1e469175-02d7-4ee0-b436-553f21b45b79\", \"key\": \"/GET_traceability-summaryOutput/response[]/marketplaceName\", \"type\": \"string\", \"order\": 29.0, \"title\": \"marketplaceName\", \"value\": {\"type\": \"string\", \"requiredFlag\": false}, \"isLeaf\": true, \"entityType\": \"componentConfig\", \"childrenSet\": false, \"hasChildren\": false, \"dataElementType\": \"string\", \"encryption_required\": false}, {\"id\": \"1e469175-02d7-4ee0-b436-553f21b45b79\", \"key\": \"/GET_traceability-summaryOutput/response[]/productId\", \"type\": \"string\", \"order\": 30.0, \"title\": \"productId\", \"value\": {\"type\": \"string\", \"requiredFlag\": false}, \"isLeaf\": true, \"entityType\": \"componentConfig\", \"childrenSet\": false, \"hasChildren\": false, \"dataElementType\": \"string\", \"encryption_required\": false}, {\"id\": \"1e469175-02d7-4ee0-b436-553f21b45b79\", \"key\": \"/GET_traceability-summaryOutput/response[]/productName\", \"type\": \"string\", \"order\": 31.0, \"title\": \"productName\", \"value\": {\"type\": \"string\", \"requiredFlag\": false}, \"isLeaf\": true, \"entityType\": \"componentConfig\", \"childrenSet\": false, \"hasChildren\": false, \"dataElementType\": \"string\", \"encryption_required\": false}, {\"id\": \"1e469175-02d7-4ee0-b436-553f21b45b79\", \"key\": \"/GET_traceability-summaryOutput/response[]/assetResourceId\", \"type\": \"string\", \"order\": 32.0, \"title\": \"assetResourceId\", \"value\": {\"type\": \"string\", \"requiredFlag\": false}, \"isLeaf\": true, \"entityType\": \"componentConfig\", \"childrenSet\": false, \"hasChildren\": false, \"dataElementType\": \"string\", \"encryption_required\": false}, {\"id\": \"1e469175-02d7-4ee0-b436-553f21b45b79\", \"key\": \"/GET_traceability-summaryOutput/response[]/runtimeComplianceGrade\", \"type\": \"string\", \"order\": 33.0, \"title\": \"runtimeComplianceGrade\", \"value\": {\"type\": \"string\", \"requiredFlag\": false}, \"isLeaf\": true, \"entityType\": \"componentConfig\", \"childrenSet\": false, \"hasChildren\": false, \"dataElementType\": \"string\", \"encryption_required\": false}, {\"id\": \"1e469175-02d7-4ee0-b436-553f21b45b79\", \"key\": \"/GET_traceability-summaryOutput/response[]/runtimeComplianceRiskScore\", \"type\": \"string\", \"order\": 34.0, \"title\": \"runtimeComplianceRiskScore\", \"value\": {\"type\": \"string\", \"requiredFlag\": false}, \"isLeaf\": true, \"entityType\": \"componentConfig\", \"childrenSet\": false, \"hasChildren\": false, \"dataElementType\": \"string\", \"encryption_required\": false}, {\"id\": \"1e469175-02d7-4ee0-b436-553f21b45b79\", \"key\": \"/GET_traceability-summaryOutput/response[]/planId\", \"type\": \"string\", \"order\": 35.0, \"title\": \"planId\", \"value\": {\"type\": \"string\", \"requiredFlag\": false}, \"isLeaf\": true, \"entityType\": \"componentConfig\", \"childrenSet\": false, \"hasChildren\": false, \"dataElementType\": \"string\", \"encryption_required\": false}, {\"id\": \"1e469175-02d7-4ee0-b436-553f21b45b79\", \"key\": \"/GET_traceability-summaryOutput/response[]/planTitle\", \"type\": \"string\", \"order\": 36.0, \"title\": \"planTitle\", \"value\": {\"type\": \"string\", \"requiredFlag\": false}, \"isLeaf\": true, \"entityType\": \"componentConfig\", \"childrenSet\": false, \"hasChildren\": false, \"dataElementType\": \"string\", \"encryption_required\": false}, {\"id\": \"1e469175-02d7-4ee0-b436-553f21b45b79\", \"key\": \"/GET_traceability-summaryOutput/response[]/quotaId\", \"type\": \"string\", \"order\": 37.0, \"title\": \"quotaId\", \"value\": {\"type\": \"string\", \"requiredFlag\": false}, \"isLeaf\": true, \"entityType\": \"componentConfig\", \"childrenSet\": false, \"hasChildren\": false, \"dataElementType\": \"string\", \"encryption_required\": false}, {\"id\": \"1e469175-02d7-4ee0-b436-553f21b45b79\", \"key\": \"/GET_traceability-summaryOutput/response[]/quotaType\", \"type\": \"string\", \"order\": 38.0, \"title\": \"quotaType\", \"value\": {\"type\": \"string\", \"requiredFlag\": false}, \"isLeaf\": true, \"entityType\": \"componentConfig\", \"childrenSet\": false, \"hasChildren\": false, \"dataElementType\": \"string\", \"encryption_required\": false}, {\"id\": \"1e469175-02d7-4ee0-b436-553f21b45b79\", \"key\": \"/GET_traceability-summaryOutput/response[]/quotaInterval\", \"type\": \"string\", \"order\": 39.0, \"title\": \"quotaInterval\", \"value\": {\"type\": \"string\", \"requiredFlag\": false}, \"isLeaf\": true, \"entityType\": \"componentConfig\", \"childrenSet\": false, \"hasChildren\": false, \"dataElementType\": \"string\", \"encryption_required\": false}, {\"id\": \"1e469175-02d7-4ee0-b436-553f21b45b79\", \"key\": \"/GET_traceability-summaryOutput/response[]/quotaLimit\", \"type\": \"string\", \"order\": 40.0, \"title\": \"quotaLimit\", \"value\": {\"type\": \"string\", \"requiredFlag\": false}, \"isLeaf\": true, \"entityType\": \"componentConfig\", \"childrenSet\": false, \"hasChildren\": false, \"dataElementType\": \"string\", \"encryption_required\": false}], \"entityType\": \"componentConfig\", \"childrenSet\": false, \"hasChildren\": false, \"dataElementType\": \"documentArray\", \"encryption_required\": false}, {\"id\": \"1e469175-02d7-4ee0-b436-553f21b45b79\", \"key\": \"/GET_traceability-summaryOutput/errors\", \"order\": 3.0, \"title\": \"errors\", \"value\": {\"type\": \"object\"}, \"isLeaf\": true, \"children\": [], \"entityType\": \"componentConfig\", \"childrenSet\": false, \"hasChildren\": false, \"dataElementType\": \"document\", \"encryption_required\": false}, {\"id\": \"1e469175-02d7-4ee0-b436-553f21b45b79\", \"key\": \"/GET_traceability-summaryOutput/responseHeaders\", \"order\": 4.0, \"title\": \"responseHeaders\", \"value\": {\"type\": \"object\"}, \"isLeaf\": true, \"children\": [], \"entityType\": \"componentConfig\", \"childrenSet\": false, \"hasChildren\": false, \"dataElementType\": \"document\", \"encryption_required\": false}], \"entityType\": \"componentConfig\", \"childrenSet\": false, \"hasChildren\": false, \"dataElementType\": \"document\", \"encryption_required\": false}]",
    "null" : false
  },
  "config_plug_id" : null,
  "override_plug" : false,
  "config_java_service_id" : null,
  "service_tag" : "V6",
  "endpoint_tag" : "EMPTY",
  "config_service_tag" : "",
  "config_imap_tag" : "",
  "config_b2b_document_type_tag" : "",
  "active" : false,
  "parent_component_config_service_tag" : "V6",
  "service_project_id" : "27edbc36-f404-4005-832a-6f6f32f16f6e",
  "service_project_tag" : "V6",
  "config_service_project_id" : null,
  "config_service_project_tag" : "",
  "config_imap_project_id" : null,
  "config_imap_project_tag" : "",
  "config_b2b_document_type_project_id" : null,
  "config_b2b_document_type_project_tag" : "",
  "endpoint_project_id" : "27edbc36-f404-4005-832a-6f6f32f16f6e",
  "endpoint_project_tag" : "EMPTY",
  "config_plug_tag" : null,
  "config_plug_project_id" : null,
  "config_plug_project_tag" : null,
  "config_java_service_tag" : "",
  "config_java_service_project_id" : null,
  "config_java_service_project_tag" : "",
  "disabled" : false,
  "config" : {
    "type" : "json",
    "value" : "{\"objectName\":\"traceability\",\"operationName\":\"GET_traceability-summary\",\"actionConfig\":{\"resourcePath\":\"/traceability/summary\",\"produces\":[\"application/xml\",\"application/json\"],\"methodName\":\"get\",\"consumes\":[\"application/json\"]}}",
    "null" : false
  },
  "config_b2b_document_type_project_mode_id" : "112c1cb8-4b9e-4d1a-a042-0bd031dc7d05",
  "config_imap_project_mode_id" : "112c1cb8-4b9e-4d1a-a042-0bd031dc7d05",
  "config_java_service_project_mode_id" : "112c1cb8-4b9e-4d1a-a042-0bd031dc7d05",
  "config_plug_project_mode_id" : "112c1cb8-4b9e-4d1a-a042-0bd031dc7d05",
  "config_service_project_mode_id" : "112c1cb8-4b9e-4d1a-a042-0bd031dc7d05",
  "endpoint_project_mode_id" : "112c1cb8-4b9e-4d1a-a042-0bd031dc7d05",
  "service_project_mode_id" : "112c1cb8-4b9e-4d1a-a042-0bd031dc7d05",
  "parent_component_config_service_project_mode_id" : "112c1cb8-4b9e-4d1a-a042-0bd031dc7d05",
  "is_audit" : true,
  "keys_with_order" : null
}