{
  "component_config_id" : "331f5516-3016-4be1-b7ec-a82eb9384c9e",
  "endpoint_config_json" : {
    "type" : "jsonb",
    "value" : "{\"crossRef\": [], \"services\": [], \"multistep\": [], \"operations\": []}",
    "null" : false
  },
  "input_config_json" : {
    "type" : "jsonb",
    "value" : "{\"crossRef\": [], \"services\": [], \"multistep\": [], \"operations\": []}",
    "null" : false
  },
  "output_config_json" : {
    "type" : "jsonb",
    "value" : "{\"crossRef\": [], \"services\": [], \"multistep\": [], \"operations\": [{\"map\": {\"id\": \"a7a98f3b-cf9b-4b29-bf48-b251e97eac5d\", \"root\": false, \"type\": \"list\", \"cached\": false, \"source\": \"/payloadReducedSubscriptions[]\", \"target\": \"/GetAmplifyMarketplacePendingSubscriptionsIntegration-ServiceOutput/toolResponseText\", \"mapNull\": false, \"disabled\": false, \"extractXml\": false, \"extractJson\": false, \"targetOrder\": 1.0, \"mapEmptyString\": false, \"targetJavaType\": \"java.lang.String\"}}, {\"map\": {\"id\": \"325d6dd1-7511-46b7-b285-037088a4b410\", \"root\": false, \"type\": \"list\", \"cached\": false, \"source\": \"/payloadReducedAssetRequests[]\", \"target\": \"/GetAmplifyMarketplacePendingAssetRequestsIntegration-ServiceOutput/toolResponseText\", \"mapNull\": false, \"disabled\": false, \"extractXml\": false, \"extractJson\": false, \"targetOrder\": 1.0, \"mapEmptyString\": false, \"targetJavaType\": \"java.lang.String\"}}, {\"map\": {\"id\": \"5ea09074-9db2-4fdb-a173-19f04070ca70\", \"root\": false, \"type\": \"setValue\", \"cached\": false, \"target\": \"/GetAmplifyMarketplacePendingSubscriptionsIntegration-ServiceOutput/toolResponseType\", \"mapNull\": false, \"disabled\": false, \"extractXml\": false, \"extractJson\": false, \"targetOrder\": 1.0, \"targetValue\": \"TextContent\", \"mapEmptyString\": false, \"targetJavaType\": \"java.lang.String\", \"variableSubstitution\": false}}, {\"map\": {\"id\": \"7bcc04fc-3e5c-47ab-9618-b9e845d27487\", \"root\": false, \"type\": \"setValue\", \"cached\": false, \"target\": \"/GetAmplifyMarketplacePendingAssetRequestsIntegration-ServiceOutput/toolResponseType\", \"mapNull\": false, \"disabled\": false, \"extractXml\": false, \"extractJson\": false, \"targetOrder\": 1.0, \"targetValue\": \"TextContent\", \"mapEmptyString\": false, \"targetJavaType\": \"java.lang.String\", \"variableSubstitution\": false}}]}",
    "null" : false
  },
  "component_id" : "8ac5fe03-27a2-4e6a-a449-6a8893818223",
  "service_id" : "72164053-32c6-4992-ba68-f4008baecbea",
  "endpoint_id" : null,
  "parent_component_config_id" : "281bdcb9-b5a2-4a73-a7f8-250b583e2ef0",
  "component_config_order" : 4.0,
  "action_id" : "06843b78-eab0-45da-afab-8c8277d7553f",
  "name" : "Set output",
  "description" : "",
  "override_endpoint" : false,
  "input_structure_json" : {
    "type" : "jsonb",
    "value" : "{\"maps\": [], \"mappedNodes\": [\"/GetAmplifyMarketplacePendingSubscriptionsIntegration-ServiceOutput/toolResponseTypepipeOut\", \"/GetAmplifyMarketplacePendingSubscriptionsIntegration-ServiceOutputpipeOut\", \"/payloadReducedSubscriptions[] pipeIn\", \"/GetAmplifyMarketplacePendingSubscriptionsIntegration-ServiceOutput/toolResponseTextpipeOut\", \"/GetAmplifyMarketplacePendingSubscriptionsIntegration-ServiceOutputpipeOut\", \"/GetAmplifyMarketplacePendingSubscriptionsIntegration-ServiceOutput/toolResponseTypepipeOut\", \"/GetAmplifyMarketplacePendingSubscriptionsIntegration-ServiceOutputpipeOut\", \"/GetAmplifyMarketplacePendingSubscriptionsIntegration-ServiceOutputpipeOut\", \"/GetAmplifyMarketplacePendingAssetRequestsIntegration-ServiceOutput/toolResponseTypepipeOut\", \"/GetAmplifyMarketplacePendingAssetRequestsIntegration-ServiceOutputpipeOut\", \"/payloadReducedAssetRequests[] pipeIn\", \"/GetAmplifyMarketplacePendingAssetRequestsIntegration-ServiceOutput/toolResponseTextpipeOut\"]}",
    "null" : false
  },
  "output_structure_json" : {
    "type" : "jsonb",
    "value" : "{\"maps\": [{\"/GetAmplifyMarketplacePendingSubscriptionsIntegration-ServiceOutput/toolResponseType\": [{\"type\": \"setValue\", \"order\": 1, \"target\": {\"path\": \"/GetAmplifyMarketplacePendingSubscriptionsIntegration-ServiceOutput/toolResponseType\", \"order\": 1, \"title\": \"toolResponseType\", \"dataElementType\": \"string\"}, \"values\": [{\"id\": \"947803e2-2333-4bfc-8786-8e69fb52275f\", \"key\": \"/GetAmplifyMarketplacePendingSubscriptionsIntegration-ServiceOutput/toolResponseType\", \"type\": \"node\", \"order\": 1, \"title\": \"toolResponseType\", \"children\": [], \"setValue\": null, \"editAllow\": true, \"uiElement\": \"TextContent\", \"isSetValue\": false, \"childrenSet\": false, \"hasChildren\": false, \"dataElementType\": \"string\", \"encryption_required\": false}], \"mapCondition\": {\"isConditionSet\": false, \"sourceTreeIndex\": [], \"targetTreeIndex\": [], \"mapConditionFormValue\": {}}, \"dataElementType\": \"string\", \"variableSubstitution\": false, \"overwritePipelineValue\": false}]}, {\"/GetAmplifyMarketplacePendingSubscriptionsIntegration-ServiceOutput/toolResponseText\": [{\"type\": \"list\", \"source\": {\"path\": \"/payloadReducedSubscriptions[]\", \"title\": \"payloadReducedSubscriptions\", \"dataElementType\": \"documentArray\"}, \"target\": {\"path\": \"/GetAmplifyMarketplacePendingSubscriptionsIntegration-ServiceOutput/toolResponseText\", \"order\": 1, \"title\": \"toolResponseText\", \"dataElementType\": \"string\"}, \"mapCondition\": {\"isConditionSet\": false, \"sourceTreeIndex\": [{\"key\": 1, \"title\": \"payloadReducedSubscriptions[]\", \"isLeaf\": false, \"isArray\": true, \"parentKey\": 0, \"arrayIndex\": null}], \"targetTreeIndex\": [{\"key\": 1, \"title\": \"GetAmplifyMarketplacePendingSubscriptionsIntegration-ServiceOutput\", \"isLeaf\": false, \"isArray\": false, \"children\": [{\"key\": 2, \"title\": \"toolResponseText\", \"isLeaf\": false, \"isArray\": false, \"parentKey\": 1}], \"parentKey\": 0}], \"mapConditionFormValue\": {}}}]}, {\"/GetAmplifyMarketplacePendingAssetRequestsIntegration-ServiceOutput/toolResponseType\": [{\"type\": \"setValue\", \"order\": 1, \"target\": {\"path\": \"/GetAmplifyMarketplacePendingAssetRequestsIntegration-ServiceOutput/toolResponseType\", \"order\": 1, \"title\": \"toolResponseType\", \"dataElementType\": \"string\"}, \"values\": [{\"id\": \"755d04a9-47ca-4c34-bf5f-7f3e866ccc30\", \"key\": \"/GetAmplifyMarketplacePendingAssetRequestsIntegration-ServiceOutput/toolResponseType\", \"type\": \"node\", \"order\": 1, \"title\": \"toolResponseType\", \"children\": [], \"setValue\": null, \"editAllow\": true, \"uiElement\": \"TextContent\", \"isSetValue\": false, \"childrenSet\": false, \"hasChildren\": false, \"dataElementType\": \"string\", \"encryption_required\": false}], \"mapCondition\": {\"isConditionSet\": false, \"sourceTreeIndex\": [], \"targetTreeIndex\": [], \"mapConditionFormValue\": {}}, \"dataElementType\": \"string\", \"variableSubstitution\": false, \"overwritePipelineValue\": false}]}, {\"/GetAmplifyMarketplacePendingAssetRequestsIntegration-ServiceOutput/toolResponseText\": [{\"type\": \"list\", \"source\": {\"path\": \"/payloadReducedAssetRequests[]\", \"title\": \"payloadReducedAssetRequests\", \"dataElementType\": \"documentArray\"}, \"target\": {\"path\": \"/GetAmplifyMarketplacePendingAssetRequestsIntegration-ServiceOutput/toolResponseText\", \"order\": 1, \"title\": \"toolResponseText\", \"dataElementType\": \"string\"}, \"mapCondition\": {\"isConditionSet\": false, \"sourceTreeIndex\": [{\"key\": 1, \"title\": \"payloadReducedAssetRequests[]\", \"isLeaf\": false, \"isArray\": true, \"parentKey\": 0, \"arrayIndex\": null}], \"targetTreeIndex\": [{\"key\": 1, \"title\": \"GetAmplifyMarketplacePendingAssetRequestsIntegration-ServiceOutput\", \"isLeaf\": false, \"isArray\": false, \"children\": [{\"key\": 2, \"title\": \"toolResponseText\", \"isLeaf\": false, \"isArray\": false, \"parentKey\": 1}], \"parentKey\": 0}], \"mapConditionFormValue\": {}}}]}], \"tracks\": {}, \"transformer\": []}",
    "null" : false
  },
  "endpoint_structure_json" : {
    "type" : "jsonb",
    "value" : "{\"maps\": []}",
    "null" : false
  },
  "is_error" : false,
  "no_of_errors" : 0,
  "action_input_type" : null,
  "config_service_id" : null,
  "config_imap_id" : null,
  "config_b2b_document_type_id" : null,
  "config_document_id" : null,
  "add_variables" : {
    "type" : "jsonb",
    "value" : "[]",
    "null" : false
  },
  "drop_variables" : {
    "type" : "jsonb",
    "value" : "[]",
    "null" : false
  },
  "plug_input_structure" : null,
  "plug_output_structure" : null,
  "config_plug_id" : null,
  "override_plug" : false,
  "config_java_service_id" : null,
  "service_tag" : "V6",
  "endpoint_tag" : null,
  "config_service_tag" : "",
  "config_imap_tag" : "",
  "config_b2b_document_type_tag" : "",
  "active" : false,
  "parent_component_config_service_tag" : "V6",
  "service_project_id" : "27edbc36-f404-4005-832a-6f6f32f16f6e",
  "service_project_tag" : "V6",
  "config_service_project_id" : null,
  "config_service_project_tag" : "",
  "config_imap_project_id" : null,
  "config_imap_project_tag" : "",
  "config_b2b_document_type_project_id" : null,
  "config_b2b_document_type_project_tag" : "",
  "endpoint_project_id" : null,
  "endpoint_project_tag" : null,
  "config_plug_tag" : null,
  "config_plug_project_id" : null,
  "config_plug_project_tag" : null,
  "config_java_service_tag" : "",
  "config_java_service_project_id" : null,
  "config_java_service_project_tag" : "",
  "disabled" : false,
  "config" : null,
  "config_b2b_document_type_project_mode_id" : "112c1cb8-4b9e-4d1a-a042-0bd031dc7d05",
  "config_imap_project_mode_id" : "112c1cb8-4b9e-4d1a-a042-0bd031dc7d05",
  "config_java_service_project_mode_id" : "112c1cb8-4b9e-4d1a-a042-0bd031dc7d05",
  "config_plug_project_mode_id" : "112c1cb8-4b9e-4d1a-a042-0bd031dc7d05",
  "config_service_project_mode_id" : "112c1cb8-4b9e-4d1a-a042-0bd031dc7d05",
  "endpoint_project_mode_id" : "112c1cb8-4b9e-4d1a-a042-0bd031dc7d05",
  "service_project_mode_id" : "112c1cb8-4b9e-4d1a-a042-0bd031dc7d05",
  "parent_component_config_service_project_mode_id" : "112c1cb8-4b9e-4d1a-a042-0bd031dc7d05",
  "is_audit" : true,
  "keys_with_order" : null
}