{
  "component_config_id" : "16237af0-202f-42ca-980b-078cd0b19d89",
  "endpoint_config_json" : {
    "type" : "jsonb",
    "value" : "{\"crossRef\": [], \"services\": [], \"multistep\": [], \"operations\": []}",
    "null" : false
  },
  "input_config_json" : {
    "type" : "jsonb",
    "value" : "{\"crossRef\": [], \"services\": [], \"multistep\": [], \"operations\": []}",
    "null" : false
  },
  "output_config_json" : {
    "type" : "jsonb",
    "value" : "{\"crossRef\": [], \"services\": [], \"multistep\": [], \"operations\": [{\"transformer\": {\"id\": \"0841ca6b-4632-48e9-978a-ed87bef5aca9\", \"name\": \"DATETIME_ADD_DAYS\", \"type\": \"DateTime\", \"query\": null, \"inputs\": [{\"id\": \"73951762-3344-48e4-a86b-286958c1f91c\", \"root\": false, \"type\": \"map\", \"cached\": false, \"source\": \"/DtNow\", \"target\": \"/DATETIME_ADD_DAYS_INPUT/sourceDate\", \"mapNull\": false, \"disabled\": false, \"extractXml\": false, \"extractJson\": false, \"mapEmptyString\": false, \"sourceJavaType\": \"java.lang.String\", \"targetJavaType\": \"java.lang.String\"}, {\"id\": \"43f9729a-7931-4596-be4a-e1e6a3ae5e2d\", \"root\": false, \"type\": \"setValue\", \"cached\": false, \"target\": \"/DATETIME_ADD_DAYS_INPUT/addDays\", \"mapNull\": false, \"disabled\": false, \"extractXml\": false, \"extractJson\": false, \"targetValue\": \"-1\", \"mapEmptyString\": false, \"targetJavaType\": \"java.lang.Float\", \"variableSubstitution\": false}, {\"id\": \"d91b633e-c113-42ef-b244-cf416f3a1b7b\", \"root\": false, \"type\": \"setValue\", \"cached\": false, \"target\": \"/DATETIME_ADD_DAYS_INPUT/format\", \"mapNull\": false, \"disabled\": false, \"extractXml\": false, \"extractJson\": false, \"targetValue\": \"yyyy-MM-dd HH:mm:ss SSS\", \"mapEmptyString\": false, \"targetJavaType\": \"java.lang.String\", \"variableSubstitution\": false}], \"outputs\": [{\"id\": \"dd633114-5a2c-4a79-b50e-f35f9045b651\", \"root\": false, \"type\": \"map\", \"cached\": false, \"source\": \"/DATETIME_ADD_DAYS_OUTPUT/output\", \"target\": \"/DtThen\", \"mapNull\": false, \"disabled\": false, \"extractXml\": false, \"extractJson\": false, \"targetOrder\": 1.0, \"mapEmptyString\": false, \"sourceJavaType\": \"java.lang.String\", \"targetJavaType\": \"java.lang.String\"}], \"tableId\": null, \"configId\": null, \"disabled\": false, \"serviceId\": null, \"expression\": null}}]}",
    "null" : false
  },
  "component_id" : "8ac5fe03-27a2-4e6a-a449-6a8893818223",
  "service_id" : "21aabb05-11fe-4fec-ac58-02788fd4f0ad",
  "endpoint_id" : null,
  "parent_component_config_id" : "56df8692-7374-48fd-9505-41f6d0742a1c",
  "component_config_order" : 2.5,
  "action_id" : "06843b78-eab0-45da-afab-8c8277d7553f",
  "name" : "Set from time",
  "description" : "",
  "override_endpoint" : false,
  "input_structure_json" : {
    "type" : "jsonb",
    "value" : "{\"maps\": [], \"mappedNodes\": [\"/DtNow pipeIn\", \"/DATETIME_ADD_DAYS_INPUT/sourceDate0\", \"/DATETIME_ADD_DAYS_INPUT/addDays\", \"/DATETIME_ADD_DAYS_INPUT\", \"/DATETIME_ADD_DAYS_INPUT/format\", \"/DATETIME_ADD_DAYS_INPUT\", \"/DATETIME_ADD_DAYS_OUTPUT/output0\", \"/DtThenpipeOut\"]}",
    "null" : false
  },
  "output_structure_json" : {
    "type" : "jsonb",
    "value" : "{\"maps\": [], \"tracks\": {}, \"transformer\": [{\"inputs\": {\"/DATETIME_ADD_DAYS_INPUT/format\": [{\"type\": \"setValue\", \"target\": {\"path\": \"/DATETIME_ADD_DAYS_INPUT/format\", \"order\": \"\", \"title\": \"format\", \"dataElementType\": \"string\"}, \"values\": [{\"id\": \"318fce1d-5e6e-4944-94c1-ed2d95434d6b\", \"key\": \"/DATETIME_ADD_DAYS_INPUT/format\", \"type\": \"string\", \"title\": \"format\", \"isLeaf\": true, \"secret\": false, \"children\": [], \"setValue\": null, \"uiElement\": \"yyyy-MM-dd HH:mm:ss SSS\", \"isSetValue\": false, \"dataElementType\": \"string\"}], \"mapCondition\": {\"isConditionSet\": false, \"sourceTreeIndex\": [], \"targetTreeIndex\": [], \"mapConditionFormValue\": {}}, \"variableSubstitution\": false, \"overwritePipelineValue\": false}], \"/DATETIME_ADD_DAYS_INPUT/addDays\": [{\"type\": \"setValue\", \"target\": {\"path\": \"/DATETIME_ADD_DAYS_INPUT/addDays\", \"order\": \"\", \"title\": \"addDays\", \"dataElementType\": \"number\"}, \"values\": [{\"id\": \"93ab41de-71e5-4c9e-8f33-2919e531bfee\", \"key\": \"/DATETIME_ADD_DAYS_INPUT/addDays\", \"type\": \"number\", \"title\": \"addDays\", \"isLeaf\": true, \"secret\": false, \"children\": [], \"setValue\": null, \"uiElement\": \"-1\", \"isSetValue\": false, \"dataElementType\": \"number\"}], \"mapCondition\": {\"isConditionSet\": false, \"sourceTreeIndex\": [], \"targetTreeIndex\": [], \"mapConditionFormValue\": {}}, \"variableSubstitution\": false, \"overwritePipelineValue\": false}], \"/DATETIME_ADD_DAYS_INPUT/sourceDate\": [{\"type\": \"map\", \"source\": {\"path\": \"/DtNow\", \"title\": \"DtNow\", \"dataElementType\": \"string\"}, \"target\": {\"path\": \"/DATETIME_ADD_DAYS_INPUT/sourceDate\", \"title\": \"sourceDate\", \"dataElementType\": \"string\"}, \"mapCondition\": {\"isConditionSet\": false, \"sourceTreeIndex\": [], \"targetTreeIndex\": [], \"mapConditionFormValue\": {}}}]}, \"outputs\": {\"/DtThen\": [{\"type\": \"map\", \"source\": {\"path\": \"/DATETIME_ADD_DAYS_OUTPUT/output\", \"title\": \"output\", \"dataElementType\": \"string\"}, \"target\": {\"path\": \"/DtThen\", \"order\": 1, \"title\": \"DtThen\", \"dataElementType\": \"string\"}, \"mapCondition\": {\"isConditionSet\": false, \"sourceTreeIndex\": [], \"targetTreeIndex\": [], \"mapConditionFormValue\": {}}}]}, \"functionInfo\": {\"id\": \"3311d512-61ca-4133-af3f-201d590adbe5\", \"name\": \"AddDays\", \"category\": {\"id\": \"da0984d0-ef2d-4ac1-b61c-b9b378d7ddf9\"}, \"internalName\": \"DATETIME_ADD_DAYS\"}}]}",
    "null" : false
  },
  "endpoint_structure_json" : {
    "type" : "jsonb",
    "value" : "{\"maps\": []}",
    "null" : false
  },
  "is_error" : false,
  "no_of_errors" : 0,
  "action_input_type" : null,
  "config_service_id" : null,
  "config_imap_id" : null,
  "config_b2b_document_type_id" : null,
  "config_document_id" : null,
  "add_variables" : {
    "type" : "jsonb",
    "value" : "[]",
    "null" : false
  },
  "drop_variables" : {
    "type" : "jsonb",
    "value" : "[]",
    "null" : false
  },
  "plug_input_structure" : null,
  "plug_output_structure" : null,
  "config_plug_id" : null,
  "override_plug" : false,
  "config_java_service_id" : null,
  "service_tag" : "V6",
  "endpoint_tag" : null,
  "config_service_tag" : "",
  "config_imap_tag" : "",
  "config_b2b_document_type_tag" : "",
  "active" : false,
  "parent_component_config_service_tag" : "V6",
  "service_project_id" : "27edbc36-f404-4005-832a-6f6f32f16f6e",
  "service_project_tag" : "V6",
  "config_service_project_id" : null,
  "config_service_project_tag" : "",
  "config_imap_project_id" : null,
  "config_imap_project_tag" : "",
  "config_b2b_document_type_project_id" : null,
  "config_b2b_document_type_project_tag" : "",
  "endpoint_project_id" : null,
  "endpoint_project_tag" : null,
  "config_plug_tag" : null,
  "config_plug_project_id" : null,
  "config_plug_project_tag" : null,
  "config_java_service_tag" : "",
  "config_java_service_project_id" : null,
  "config_java_service_project_tag" : "",
  "disabled" : false,
  "config" : null,
  "config_b2b_document_type_project_mode_id" : "112c1cb8-4b9e-4d1a-a042-0bd031dc7d05",
  "config_imap_project_mode_id" : "112c1cb8-4b9e-4d1a-a042-0bd031dc7d05",
  "config_java_service_project_mode_id" : "112c1cb8-4b9e-4d1a-a042-0bd031dc7d05",
  "config_plug_project_mode_id" : "112c1cb8-4b9e-4d1a-a042-0bd031dc7d05",
  "config_service_project_mode_id" : "112c1cb8-4b9e-4d1a-a042-0bd031dc7d05",
  "endpoint_project_mode_id" : "112c1cb8-4b9e-4d1a-a042-0bd031dc7d05",
  "service_project_mode_id" : "112c1cb8-4b9e-4d1a-a042-0bd031dc7d05",
  "parent_component_config_service_project_mode_id" : "112c1cb8-4b9e-4d1a-a042-0bd031dc7d05",
  "is_audit" : true,
  "keys_with_order" : null
}