{
  "id" : "6c32a8dd-7de7-4c75-97d5-f4b787e7f523",
  "name" : "AssetRequest_UpdateAssetRequestApprovalState",
  "description" : "Update asset request approval state (approved/rejected)",
  "iserror" : false,
  "no_of_errors" : 0,
  "service_input" : {
    "type" : "jsonb",
    "value" : "[{\"id\": \"b7424097-5670-4164-86a5-bd1821d8789d\", \"key\": \"/AssetRequest_UpdateAssetRequestApprovalStateInput\", \"type\": \"object\", \"order\": 1, \"title\": \"AssetRequest_UpdateAssetRequestApprovalStateInput\", \"value\": {\"type\": \"object\"}, \"isLeaf\": false, \"children\": [{\"id\": \"5dedbcd7-d63a-48be-99e0-b1f19901ec9f\", \"key\": \"/AssetRequest_UpdateAssetRequestApprovalStateInput/approvalState\", \"type\": \"node\", \"order\": 1, \"title\": \"approvalState\", \"value\": {\"type\": \"string\"}, \"children\": [], \"editAllow\": true, \"childrenSet\": false, \"hasChildren\": false, \"dataElementType\": \"string\", \"encryption_required\": false}, {\"id\": \"8bc620d9-936d-4db4-aad8-446f01242c78\", \"key\": \"/AssetRequest_UpdateAssetRequestApprovalStateInput/reason\", \"type\": \"node\", \"order\": 1, \"title\": \"reason\", \"value\": {\"type\": \"string\"}, \"children\": [], \"editAllow\": true, \"childrenSet\": false, \"hasChildren\": false, \"dataElementType\": \"string\", \"encryption_required\": false}, {\"id\": \"0fbf1dc0-73c7-4211-9378-c86d073c4dcf\", \"key\": \"/AssetRequest_UpdateAssetRequestApprovalStateInput/assetRequestName\", \"edit\": false, \"type\": \"node\", \"order\": 1, \"title\": \"assetRequestName\", \"value\": {\"type\": \"string\"}, \"children\": [], \"editAllow\": true, \"dataElementType\": \"string\"}, {\"id\": \"3c3edd75-9254-471f-b5d2-6f89352c0fc6\", \"key\": \"/AssetRequest_UpdateAssetRequestApprovalStateInput/applicationName\", \"edit\": false, \"type\": \"node\", \"order\": 1, \"title\": \"applicationName\", \"value\": {\"type\": \"string\"}, \"children\": [], \"editAllow\": true, \"dataElementType\": \"string\"}], \"childrenSet\": false, \"hasChildren\": false, \"dataElementType\": \"document\", \"documentReference\": [], \"encryption_required\": false}]",
    "null" : false
  },
  "service_output" : {
    "type" : "jsonb",
    "value" : "[{\"id\": \"b69521e0-8462-423c-8a5b-f2a6074ed47a\", \"key\": \"/AssetRequest_UpdateAssetRequestApprovalStateOutput\", \"type\": \"object\", \"order\": 1, \"title\": \"AssetRequest_UpdateAssetRequestApprovalStateOutput\", \"value\": {\"type\": \"object\"}, \"isLeaf\": false, \"children\": [{\"id\": \"6ff3656d-6e51-412c-87ab-e5f4025e1c1f\", \"key\": \"/AssetRequest_UpdateAssetRequestApprovalStateOutput/success\", \"type\": \"node\", \"order\": 1, \"title\": \"success\", \"value\": {\"type\": \"boolean\"}, \"children\": [], \"editAllow\": true, \"childrenSet\": false, \"hasChildren\": false, \"dataElementType\": \"boolean\", \"encryption_required\": false}, {\"id\": \"f9b63951-a4c4-41ea-9f3f-5319b5da5a3e\", \"key\": \"/AssetRequest_UpdateAssetRequestApprovalStateOutput/error\", \"type\": \"node\", \"order\": 1, \"title\": \"error\", \"value\": {\"type\": \"array\"}, \"children\": [{\"id\": \"26c8ec59-27b0-4856-90b8-4bdd08ba0a9e\", \"key\": \"/AssetRequest_UpdateAssetRequestApprovalStateOutput/error/message\", \"type\": \"node\", \"order\": 1, \"title\": \"message\", \"value\": {\"type\": \"string\"}, \"children\": [], \"editAllow\": true, \"childrenSet\": false, \"hasChildren\": false, \"dataElementType\": \"string\", \"encryption_required\": false}], \"editAllow\": true, \"childrenSet\": false, \"hasChildren\": false, \"dataElementType\": \"document\", \"encryption_required\": false}], \"childrenSet\": false, \"hasChildren\": false, \"dataElementType\": \"document\", \"documentReference\": [], \"encryption_required\": false}]",
    "null" : false
  },
  "service_input_json_schema" : {
    "type" : "jsonb",
    "value" : "{\"required\": [], \"properties\": {\"AssetRequest_UpdateAssetRequestApprovalStateInput\": {\"type\": \"object\", \"required\": [], \"properties\": {\"reason\": {\"type\": \"string\"}, \"approvalState\": {\"type\": \"string\"}, \"applicationName\": {\"type\": \"string\"}, \"assetRequestName\": {\"type\": \"string\"}}, \"additionalProperties\": false}}, \"additionalProperties\": false}",
    "null" : false
  },
  "service_output_json_schema" : {
    "type" : "jsonb",
    "value" : "{\"required\": [], \"properties\": {\"AssetRequest_UpdateAssetRequestApprovalStateOutput\": {\"type\": \"object\", \"required\": [], \"properties\": {\"error\": {\"type\": \"array\"}, \"success\": {\"type\": \"boolean\"}}, \"additionalProperties\": false}}, \"additionalProperties\": false}",
    "null" : false
  },
  "type" : "SERVICE",
  "error_handler" : false,
  "tag" : "V7",
  "active" : false,
  "is_changed" : false,
  "comment" : "Added last 6 hours for API Metrics to match business insights UI",
  "base_tag" : "V6",
  "test_input" : {
    "type" : "jsonb",
    "value" : "{}",
    "null" : false
  },
  "test_input_structure" : {
    "type" : "jsonb",
    "value" : "[{\"id\": \"b7424097-5670-4164-86a5-bd1821d8789d\", \"key\": \"/AssetRequest_UpdateAssetRequestApprovalStateInput\", \"type\": \"object\", \"order\": 1, \"title\": \"AssetRequest_UpdateAssetRequestApprovalStateInput\", \"value\": {\"type\": \"object\"}, \"isLeaf\": false, \"children\": [{\"id\": \"5dedbcd7-d63a-48be-99e0-b1f19901ec9f\", \"key\": \"/AssetRequest_UpdateAssetRequestApprovalStateInput/approvalState\", \"type\": \"node\", \"order\": 1, \"title\": \"approvalState\", \"value\": {\"type\": \"string\"}, \"children\": [], \"editAllow\": true, \"childrenSet\": false, \"hasChildren\": false, \"dataElementType\": \"string\", \"encryption_required\": false}, {\"id\": \"8bc620d9-936d-4db4-aad8-446f01242c78\", \"key\": \"/AssetRequest_UpdateAssetRequestApprovalStateInput/reason\", \"type\": \"node\", \"order\": 1, \"title\": \"reason\", \"value\": {\"type\": \"string\"}, \"children\": [], \"editAllow\": true, \"childrenSet\": false, \"hasChildren\": false, \"dataElementType\": \"string\", \"encryption_required\": false}, {\"id\": \"0fbf1dc0-73c7-4211-9378-c86d073c4dcf\", \"key\": \"/AssetRequest_UpdateAssetRequestApprovalStateInput/assetRequestName\", \"edit\": false, \"type\": \"node\", \"order\": 1, \"title\": \"assetRequestName\", \"value\": {\"type\": \"string\"}, \"children\": [], \"editAllow\": true, \"dataElementType\": \"string\"}, {\"id\": \"3c3edd75-9254-471f-b5d2-6f89352c0fc6\", \"key\": \"/AssetRequest_UpdateAssetRequestApprovalStateInput/applicationName\", \"edit\": false, \"type\": \"node\", \"order\": 1, \"title\": \"applicationName\", \"value\": {\"type\": \"string\"}, \"children\": [], \"editAllow\": true, \"dataElementType\": \"string\"}], \"childrenSet\": false, \"hasChildren\": false, \"dataElementType\": \"document\", \"documentReference\": [], \"encryption_required\": false}]",
    "null" : false
  }
}