{
  "id" : "bc0814e5-9794-421b-a6e5-d9ceec5fdca7",
  "name" : "copyOfGetAPIMetrics",
  "description" : "",
  "iserror" : false,
  "no_of_errors" : 0,
  "service_input" : null,
  "service_output" : null,
  "service_input_json_schema" : null,
  "service_output_json_schema" : null,
  "type" : "EVENTDRIVEN",
  "error_handler" : false,
  "tag" : "V7",
  "active" : false,
  "is_changed" : true,
  "comment" : "Added last 6 hours for API Metrics to match business insights UI",
  "base_tag" : "V6",
  "test_input" : {
    "type" : "jsonb",
    "value" : "[]",
    "null" : false
  },
  "test_input_structure" : {
    "type" : "jsonb",
    "value" : "[]",
    "null" : false
  }
}