{
  "id" : "1fe722a4-e9b7-41ac-b5ba-0ae0619f6c32",
  "name" : "GetAPIMetrics",
  "description" : null,
  "iserror" : false,
  "no_of_errors" : 0,
  "service_input" : null,
  "service_output" : null,
  "service_input_json_schema" : null,
  "service_output_json_schema" : null,
  "type" : "EVENTDRIVEN",
  "error_handler" : false,
  "tag" : "V7",
  "active" : false,
  "is_changed" : true,
  "comment" : "Added last 6 hours for API Metrics to match business insights UI",
  "base_tag" : "V6",
  "test_input" : {
    "type" : "jsonb",
    "value" : "[]",
    "null" : false
  },
  "test_input_structure" : {
    "type" : "jsonb",
    "value" : "[]",
    "null" : false
  }
}