{
  "id" : "e11a799f-f313-4664-a470-faf148d8f03f",
  "name" : "AssetRequest_GetAssetRequestsByApprovalState",
  "description" : "Get asset requests by state: approved, rejected, pending\nLeave state empty to get all asset requests",
  "iserror" : false,
  "no_of_errors" : 0,
  "service_input" : {
    "type" : "jsonb",
    "value" : "[{\"id\": \"b7424097-5670-4164-86a5-bd1821d8789d\", \"key\": \"/AssetRequest_GetAssetRequestsByApprovalStateInput\", \"type\": \"object\", \"order\": 1, \"title\": \"AssetRequest_GetAssetRequestsByApprovalStateInput\", \"value\": {\"type\": \"object\"}, \"isLeaf\": false, \"children\": [{\"id\": \"5dedbcd7-d63a-48be-99e0-b1f19901ec9f\", \"key\": \"/AssetRequest_GetAssetRequestsByApprovalStateInput/approvalState\", \"type\": \"node\", \"order\": 1, \"title\": \"approvalState\", \"value\": {\"type\": \"string\"}, \"children\": [], \"editAllow\": true, \"childrenSet\": false, \"hasChildren\": false, \"dataElementType\": \"string\", \"encryption_required\": false}], \"childrenSet\": false, \"hasChildren\": false, \"dataElementType\": \"document\", \"documentReference\": [], \"encryption_required\": false}]",
    "null" : false
  },
  "service_output" : {
    "type" : "jsonb",
    "value" : "[{\"id\": \"b69521e0-8462-423c-8a5b-f2a6074ed47a\", \"key\": \"/AssetRequest_GetAssetRequestsByApprovalStateOutput\", \"type\": \"object\", \"order\": 1, \"title\": \"AssetRequest_GetAssetRequestsByApprovalStateOutput\", \"value\": {\"type\": \"object\"}, \"isLeaf\": false, \"children\": [{\"id\": \"6ff3656d-6e51-412c-87ab-e5f4025e1c1f\", \"key\": \"/AssetRequest_GetAssetRequestsByApprovalStateOutput/success\", \"type\": \"node\", \"order\": 1, \"title\": \"success\", \"value\": {\"type\": \"boolean\"}, \"children\": [], \"editAllow\": true, \"childrenSet\": false, \"hasChildren\": false, \"dataElementType\": \"boolean\", \"encryption_required\": false}, {\"id\": \"f9b63951-a4c4-41ea-9f3f-5319b5da5a3e\", \"key\": \"/AssetRequest_GetAssetRequestsByApprovalStateOutput/error\", \"type\": \"node\", \"order\": 1, \"title\": \"error\", \"value\": {\"type\": \"array\"}, \"children\": [{\"id\": \"26c8ec59-27b0-4856-90b8-4bdd08ba0a9e\", \"key\": \"/AssetRequest_GetAssetRequestsByApprovalStateOutput/error/message\", \"type\": \"node\", \"order\": 1, \"title\": \"message\", \"value\": {\"type\": \"string\"}, \"children\": [], \"editAllow\": true, \"childrenSet\": false, \"hasChildren\": false, \"dataElementType\": \"string\", \"encryption_required\": false}], \"editAllow\": true, \"childrenSet\": false, \"hasChildren\": false, \"dataElementType\": \"document\", \"encryption_required\": false}, {\"id\": \"fc0364db-1a24-430d-84dc-8d258c67ebbd\", \"key\": \"/AssetRequest_GetAssetRequestsByApprovalStateOutput/responseBody[]\", \"type\": \"node\", \"order\": 1, \"title\": \"responseBody\", \"value\": {\"type\": \"array\"}, \"children\": [], \"editAllow\": true, \"childrenSet\": false, \"hasChildren\": false, \"dataElementType\": \"documentArray\", \"encryption_required\": false}], \"childrenSet\": false, \"hasChildren\": false, \"dataElementType\": \"document\", \"documentReference\": [], \"encryption_required\": false}]",
    "null" : false
  },
  "service_input_json_schema" : {
    "type" : "jsonb",
    "value" : "{\"required\": [], \"properties\": {\"AssetRequest_GetAssetRequestsByApprovalStateInput\": {\"type\": \"object\", \"required\": [], \"properties\": {\"approvalState\": {\"type\": \"string\"}}, \"additionalProperties\": false}}, \"additionalProperties\": false}",
    "null" : false
  },
  "service_output_json_schema" : {
    "type" : "jsonb",
    "value" : "{\"required\": [], \"properties\": {\"AssetRequest_GetAssetRequestsByApprovalStateOutput\": {\"type\": \"object\", \"required\": [], \"properties\": {\"error\": {\"type\": \"array\"}, \"success\": {\"type\": \"boolean\"}, \"responseBody\": {\"type\": \"array\"}}, \"additionalProperties\": false}}, \"additionalProperties\": false}",
    "null" : false
  },
  "type" : "SERVICE",
  "error_handler" : false,
  "tag" : "V5",
  "active" : false,
  "is_changed" : true,
  "comment" : "successfully added GetAmplifyMarketplacePendingApplicationRegistrations and UpdateAmplifyMarketplacePendingApplicationRegistration tools and associated services",
  "base_tag" : "V4",
  "test_input" : {
    "type" : "jsonb",
    "value" : "{}",
    "null" : false
  },
  "test_input_structure" : {
    "type" : "jsonb",
    "value" : "[{\"id\": \"b7424097-5670-4164-86a5-bd1821d8789d\", \"key\": \"/AssetRequest_GetAssetRequestsByApprovalStateInput\", \"type\": \"object\", \"order\": 1, \"title\": \"AssetRequest_GetAssetRequestsByApprovalStateInput\", \"value\": {\"type\": \"object\"}, \"isLeaf\": false, \"children\": [{\"id\": \"5dedbcd7-d63a-48be-99e0-b1f19901ec9f\", \"key\": \"/AssetRequest_GetAssetRequestsByApprovalStateInput/approvalState\", \"type\": \"node\", \"order\": 1, \"title\": \"approvalState\", \"value\": {\"type\": \"string\"}, \"children\": [], \"editAllow\": true, \"childrenSet\": false, \"hasChildren\": false, \"dataElementType\": \"string\", \"encryption_required\": false}], \"childrenSet\": false, \"hasChildren\": false, \"dataElementType\": \"document\", \"encryption_required\": false}]",
    "null" : false
  }
}