{
  "id" : "7c0f33af-0136-4640-93c9-a8b312f6d0f3",
  "name" : "GetAmplifyMarketplacePendingApplicationRegistrations",
  "description" : null,
  "iserror" : false,
  "no_of_errors" : 0,
  "service_input" : null,
  "service_output" : null,
  "service_input_json_schema" : null,
  "service_output_json_schema" : null,
  "type" : "EVENTDRIVEN",
  "error_handler" : false,
  "tag" : "V5",
  "active" : false,
  "is_changed" : true,
  "comment" : "successfully added GetAmplifyMarketplacePendingApplicationRegistrations and UpdateAmplifyMarketplacePendingApplicationRegistration tools and associated services",
  "base_tag" : "V4",
  "test_input" : {
    "type" : "jsonb",
    "value" : "[]",
    "null" : false
  },
  "test_input_structure" : {
    "type" : "jsonb",
    "value" : "[]",
    "null" : false
  }
}