{
  "id" : "74f7f380-cb55-4dd6-9b84-40bfbc9eb897",
  "name" : "UpdateAmplifyMarketplacePendingApplicationRegistration-Service",
  "description" : "",
  "iserror" : false,
  "no_of_errors" : 0,
  "service_input" : {
    "type" : "jsonb",
    "value" : "[{\"id\": \"9ebc2879-bade-41a8-9d8f-e2ec5eed41d6\", \"key\": \"/UpdateAmplifyMarketplacePendingApplicationRegistration-ServiceInput\", \"type\": \"object\", \"order\": 1, \"title\": \"UpdateAmplifyMarketplacePendingApplicationRegistration-ServiceInput\", \"value\": {\"type\": \"object\"}, \"isLeaf\": false, \"children\": [{\"id\": \"a90e1658-e921-4160-a863-f74d1e4000fc\", \"key\": \"/UpdateAmplifyMarketplacePendingApplicationRegistration-ServiceInput/approvalState\", \"type\": \"node\", \"order\": 1, \"title\": \"approvalState\", \"value\": {\"type\": \"string\"}, \"children\": [], \"editAllow\": true, \"childrenSet\": false, \"hasChildren\": false, \"dataElementType\": \"string\", \"encryption_required\": false}, {\"id\": \"aa6b930e-7416-44d3-8bdf-6128e58a11fb\", \"key\": \"/UpdateAmplifyMarketplacePendingApplicationRegistration-ServiceInput/reason\", \"type\": \"node\", \"order\": 1, \"title\": \"reason\", \"value\": {\"type\": \"string\"}, \"children\": [], \"editAllow\": true, \"childrenSet\": false, \"hasChildren\": false, \"dataElementType\": \"string\", \"encryption_required\": false}, {\"id\": \"261e3c20-56d4-4861-bd26-895140389ee6\", \"key\": \"/UpdateAmplifyMarketplacePendingApplicationRegistration-ServiceInput/applicationName\", \"edit\": false, \"type\": \"node\", \"order\": 1, \"title\": \"applicationName\", \"value\": {\"type\": \"string\"}, \"children\": [], \"editAllow\": true, \"dataElementType\": \"string\"}, {\"id\": \"4aae9d1b-245b-4fd9-8bee-ab4df49c2067\", \"key\": \"/UpdateAmplifyMarketplacePendingApplicationRegistration-ServiceInput/applicationRegistrationName\", \"edit\": false, \"type\": \"node\", \"order\": 1, \"title\": \"applicationRegistrationName\", \"value\": {\"type\": \"string\"}, \"children\": [], \"editAllow\": true, \"dataElementType\": \"string\"}], \"childrenSet\": false, \"hasChildren\": false, \"dataElementType\": \"document\", \"documentReference\": [], \"encryption_required\": false}]",
    "null" : false
  },
  "service_output" : {
    "type" : "jsonb",
    "value" : "[{\"id\": \"fe69c9aa-7e74-46cc-9a95-c053031d2743\", \"key\": \"/UpdateAmplifyMarketplacePendingApplicationRegistration-ServiceOutput\", \"type\": \"object\", \"order\": 1, \"title\": \"UpdateAmplifyMarketplacePendingApplicationRegistration-ServiceOutput\", \"value\": {\"type\": \"object\"}, \"isLeaf\": false, \"children\": [{\"id\": \"18ef19e0-47cb-44ea-8dac-306c55e53b1b\", \"key\": \"/UpdateAmplifyMarketplacePendingApplicationRegistration-ServiceOutput/toolResponseType\", \"type\": \"node\", \"order\": 1, \"title\": \"toolResponseType\", \"value\": {\"type\": \"string\"}, \"children\": [], \"editAllow\": true, \"childrenSet\": false, \"hasChildren\": false, \"dataElementType\": \"string\", \"encryption_required\": false}, {\"id\": \"28629abd-f9df-40ed-a242-50a1b7de83f4\", \"key\": \"/UpdateAmplifyMarketplacePendingApplicationRegistration-ServiceOutput/toolResponseText\", \"type\": \"node\", \"order\": 1, \"title\": \"toolResponseText\", \"value\": {\"type\": \"string\"}, \"children\": [], \"editAllow\": true, \"childrenSet\": false, \"hasChildren\": false, \"dataElementType\": \"string\", \"encryption_required\": false}], \"childrenSet\": false, \"hasChildren\": false, \"dataElementType\": \"document\", \"documentReference\": [], \"encryption_required\": false}]",
    "null" : false
  },
  "service_input_json_schema" : {
    "type" : "jsonb",
    "value" : "{\"required\": [], \"properties\": {\"UpdateAmplifyMarketplacePendingApplicationRegistration-ServiceInput\": {\"type\": \"object\", \"required\": [], \"properties\": {\"reason\": {\"type\": \"string\"}, \"approvalState\": {\"type\": \"string\"}, \"applicationName\": {\"type\": \"string\"}, \"applicationRegistrationName\": {\"type\": \"string\"}}, \"additionalProperties\": false}}, \"additionalProperties\": false}",
    "null" : false
  },
  "service_output_json_schema" : {
    "type" : "jsonb",
    "value" : "{\"required\": [], \"properties\": {\"UpdateAmplifyMarketplacePendingApplicationRegistration-ServiceOutput\": {\"type\": \"object\", \"required\": [], \"properties\": {\"toolResponseText\": {\"type\": \"string\"}, \"toolResponseType\": {\"type\": \"string\"}}, \"additionalProperties\": false}}, \"additionalProperties\": false}",
    "null" : false
  },
  "type" : "SERVICE",
  "error_handler" : false,
  "tag" : "V5",
  "active" : false,
  "is_changed" : true,
  "comment" : "successfully added GetAmplifyMarketplacePendingApplicationRegistrations and UpdateAmplifyMarketplacePendingApplicationRegistration tools and associated services",
  "base_tag" : "V4",
  "test_input" : {
    "type" : "jsonb",
    "value" : "{}",
    "null" : false
  },
  "test_input_structure" : {
    "type" : "jsonb",
    "value" : "[{\"id\": \"9ebc2879-bade-41a8-9d8f-e2ec5eed41d6\", \"key\": \"/UpdateAmplifyMarketplacePendingApplicationRegistration-ServiceInput\", \"type\": \"object\", \"order\": 1, \"title\": \"UpdateAmplifyMarketplacePendingApplicationRegistration-ServiceInput\", \"value\": {\"type\": \"object\"}, \"isLeaf\": false, \"children\": [{\"id\": \"a90e1658-e921-4160-a863-f74d1e4000fc\", \"key\": \"/UpdateAmplifyMarketplacePendingApplicationRegistration-ServiceInput/approvalState\", \"type\": \"node\", \"order\": 1, \"title\": \"approvalState\", \"value\": {\"type\": \"string\"}, \"children\": [], \"editAllow\": true, \"childrenSet\": false, \"hasChildren\": false, \"dataElementType\": \"string\", \"encryption_required\": false}, {\"id\": \"aa6b930e-7416-44d3-8bdf-6128e58a11fb\", \"key\": \"/UpdateAmplifyMarketplacePendingApplicationRegistration-ServiceInput/reason\", \"type\": \"node\", \"order\": 1, \"title\": \"reason\", \"value\": {\"type\": \"string\"}, \"children\": [], \"editAllow\": true, \"childrenSet\": false, \"hasChildren\": false, \"dataElementType\": \"string\", \"encryption_required\": false}, {\"id\": \"261e3c20-56d4-4861-bd26-895140389ee6\", \"key\": \"/UpdateAmplifyMarketplacePendingApplicationRegistration-ServiceInput/applicationName\", \"edit\": false, \"type\": \"node\", \"order\": 1, \"title\": \"applicationName\", \"value\": {\"type\": \"string\"}, \"children\": [], \"editAllow\": true, \"dataElementType\": \"string\"}, {\"id\": \"4aae9d1b-245b-4fd9-8bee-ab4df49c2067\", \"key\": \"/UpdateAmplifyMarketplacePendingApplicationRegistration-ServiceInput/applicationRegistrationName\", \"edit\": false, \"type\": \"node\", \"order\": 1, \"title\": \"applicationRegistrationName\", \"value\": {\"type\": \"string\"}, \"children\": [], \"editAllow\": true, \"dataElementType\": \"string\"}], \"childrenSet\": false, \"hasChildren\": false, \"dataElementType\": \"document\", \"documentReference\": [], \"encryption_required\": false}]",
    "null" : false
  }
}