{
  "id" : "06b03b2a-69d4-4f6a-bb85-0bae3004db8f",
  "type" : "apikey",
  "project_tag" : "V4",
  "name" : "APIKey",
  "description" : null,
  "apikey_key_name" : "x-api-key",
  "entity_id" : "d7e06c3f-637a-4a62-a75e-b385faf83dd6",
  "jwks_uri" : null,
  "jwks_timeout" : null,
  "cache_duration" : null,
  "clock_skew" : null,
  "client_id_key" : null,
  "issuer" : null,
  "audiences" : {
    "type" : "jsonb",
    "value" : "[]",
    "null" : false
  },
  "flows" : {
    "type" : "jsonb",
    "value" : "[]",
    "null" : false
  },
  "scopes" : {
    "type" : "jsonb",
    "value" : "{}",
    "null" : false
  },
  "scopes_claim" : "scp",
  "forward_credentials_on_success" : false,
  "forward_payload_header" : null,
  "identity_provider_id" : null,
  "apikey_location" : "HEADER"
}